cell_id,patient_id,sample_group
PT089_P1_A01,PT089,P1
PT089_P1_A02,PT089,P1
PT089_P1_A03,PT089,P1
PT089_P1_A04,PT089,P1
PT089_P1_A05,PT089,P1
PT089_P1_A06,PT089,P1
PT089_P1_A07,PT089,P1
PT089_P1_A08,PT089,P1
PT089_P1_A09,PT089,P1
PT089_P1_A10,PT089,P1
PT089_P1_A11,PT089,P1
PT089_P1_A12,PT089,P1
PT089_P1_B01,PT089,P1
PT089_P1_B02,PT089,P1
PT089_P1_B03,PT089,P1
PT089_P1_B04,PT089,P1
PT089_P1_B05,PT089,P1
PT089_P1_B06,PT089,P1
PT089_P1_B07,PT089,P1
PT089_P1_B08,PT089,P1
PT089_P1_B09,PT089,P1
PT089_P1_B10,PT089,P1
PT089_P1_B11,PT089,P1
PT089_P1_B12,PT089,P1
PT089_P1_C01,PT089,P1
PT089_P1_C02,PT089,P1
PT089_P1_C03,PT089,P1
PT089_P1_C04,PT089,P1
PT089_P1_C05,PT089,P1
PT089_P1_C06,PT089,P1
PT089_P1_C07,PT089,P1
PT089_P1_C08,PT089,P1
PT089_P1_C09,PT089,P1
PT089_P1_C10,PT089,P1
PT089_P1_C11,PT089,P1
PT089_P1_C12,PT089,P1
PT089_P1_D01,PT089,P1
PT089_P1_D02,PT089,P1
PT089_P1_D03,PT089,P1
PT089_P1_D04,PT089,P1
PT089_P1_D05,PT089,P1
PT089_P1_D06,PT089,P1
PT089_P1_D07,PT089,P1
PT089_P1_D08,PT089,P1
PT089_P1_D09,PT089,P1
PT089_P3_A01_S289,PT089,P3
PT089_P3_A02_S290,PT089,P3
PT089_P3_A03_S291,PT089,P3
PT089_P3_A04_S292,PT089,P3
PT089_P3_A05_S293,PT089,P3
PT089_P3_A06_S294,PT089,P3
PT089_P3_A07_S295,PT089,P3
PT089_P3_A08_S296,PT089,P3
PT089_P3_A09_S297,PT089,P3
PT089_P3_A10_S298,PT089,P3
PT089_P3_A11_S299,PT089,P3
PT089_P3_A12_S300,PT089,P3
PT089_P3_B01_S301,PT089,P3
PT089_P3_B02_S302,PT089,P3
PT089_P3_B03_S303,PT089,P3
PT089_P3_B04_S304,PT089,P3
PT089_P3_B05_S305,PT089,P3
PT089_P3_B06_S306,PT089,P3
PT089_P3_B07_S307,PT089,P3
PT089_P3_B08_S308,PT089,P3
PT089_P3_B09_S309,PT089,P3
PT089_P3_B10_S310,PT089,P3
PT089_P3_B11_S311,PT089,P3
PT089_P3_B12_S312,PT089,P3
PT089_P3_C01_S313,PT089,P3
PT089_P3_C02_S314,PT089,P3
PT089_P3_C03_S315,PT089,P3
PT089_P3_C04_S316,PT089,P3
PT089_P3_C05_S317,PT089,P3
PT089_P3_C06_S318,PT089,P3
PT089_P3_C07_S319,PT089,P3
PT089_P3_C08_S320,PT089,P3
PT089_P3_C09_S321,PT089,P3
PT089_P3_C10_S322,PT089,P3
PT089_P3_C11_S323,PT089,P3
PT089_P3_C12_S324,PT089,P3
PT089_P3_D01_S325,PT089,P3
PT089_P3_D02_S326,PT089,P3
PT089_P3_D03_S327,PT089,P3
PT089_P3_D04_S328,PT089,P3
PT089_P3_D05_S329,PT089,P3
PT089_P3_D06_S330,PT089,P3
PT089_P3_D07_S331,PT089,P3
PT089_P3_D08_S332,PT089,P3
PT089_P3_D09_S333,PT089,P3
PT089_P3_D10_S334,PT089,P3
PT089_P3_D11_S335,PT089,P3
PT089_P3_D12_S336,PT089,P3
PT089_P3_E01_S337,PT089,P3
PT089_P3_E02_S338,PT089,P3
PT089_P3_E03_S339,PT089,P3
PT089_P3_E04_S340,PT089,P3
PT089_P3_E05_S341,PT089,P3
PT089_P3_E06_S342,PT089,P3
PT089_P3_E07_S343,PT089,P3
PT089_P3_E08_S344,PT089,P3
PT089_P3_E09_S345,PT089,P3
PT089_P3_E10_S346,PT089,P3
PT089_P3_E11_S347,PT089,P3
PT089_P3_E12_S348,PT089,P3
PT089_P3_F01_S349,PT089,P3
PT089_P3_F02_S350,PT089,P3
PT089_P3_F03_S351,PT089,P3
PT089_P3_F04_S352,PT089,P3
PT089_P3_F05_S353,PT089,P3
PT089_P3_F06_S354,PT089,P3
PT089_P3_F07_S355,PT089,P3
PT089_P3_F08_S356,PT089,P3
PT089_P3_F09_S357,PT089,P3
PT089_P3_F10_S358,PT089,P3
PT089_P3_F11_S359,PT089,P3
PT089_P3_F12_S360,PT089,P3
PT089_P3_G01_S361,PT089,P3
PT089_P3_G02_S362,PT089,P3
PT089_P3_G03_S363,PT089,P3
PT089_P3_G04_S364,PT089,P3
PT089_P3_G05_S365,PT089,P3
PT089_P3_G06_S366,PT089,P3
PT089_P3_G07_S367,PT089,P3
PT089_P3_G08_S368,PT089,P3
PT089_P3_G09_S369,PT089,P3
PT089_P3_G10_S370,PT089,P3
PT089_P3_G11_S371,PT089,P3
PT089_P3_G12_S372,PT089,P3
PT089_P3_H01_S373,PT089,P3
PT089_P3_H02_S374,PT089,P3
PT089_P3_H03_S375,PT089,P3
PT089_P3_H04_S376,PT089,P3
PT089_P3_H05_S377,PT089,P3
PT089_P3_H06_S378,PT089,P3
PT089_P3_H07_S379,PT089,P3
PT089_P3_H08_S380,PT089,P3
PT089_P3_H09_S381,PT089,P3
PT089_P3_H10_S382,PT089,P3
PT089_P3_H11_S383,PT089,P3
PT089_P3_H12_S384,PT089,P3
PT089_P7_A01_S1,PT089,P7
PT089_P7_A02_S2,PT089,P7
PT089_P7_A03_S3,PT089,P7
PT089_P7_A04_S4,PT089,P7
PT089_P7_A05_S5,PT089,P7
PT089_P7_A06_S6,PT089,P7
PT089_P7_A07_S7,PT089,P7
PT089_P7_A08_S8,PT089,P7
PT089_P7_A09_S9,PT089,P7
PT089_P7_A10_S10,PT089,P7
PT089_P7_A11_S11,PT089,P7
PT089_P7_A12_S12,PT089,P7
PT089_P7_B01_S13,PT089,P7
PT089_P7_B02_S14,PT089,P7
PT089_P7_B03_S15,PT089,P7
PT089_P7_B04_S16,PT089,P7
PT089_P7_B05_S17,PT089,P7
PT089_P7_B06_S18,PT089,P7
PT089_P7_B07_S19,PT089,P7
PT089_P7_B08_S20,PT089,P7
PT089_P7_B09_S21,PT089,P7
PT089_P7_B10_S22,PT089,P7
PT089_P7_B11_S23,PT089,P7
PT089_P7_B12_S24,PT089,P7
PT089_P7_C01_S25,PT089,P7
PT089_P7_C02_S26,PT089,P7
PT089_P7_C03_S27,PT089,P7
PT089_P7_C04_S28,PT089,P7
PT089_P7_C05_S29,PT089,P7
PT089_P7_C06_S30,PT089,P7
PT089_P7_C07_S31,PT089,P7
PT089_P7_C08_S32,PT089,P7
PT089_P7_C09_S33,PT089,P7
PT089_P7_C10_S34,PT089,P7
PT089_P7_C11_S35,PT089,P7
PT089_P7_C12_S36,PT089,P7
PT089_P7_D01_S37,PT089,P7
PT089_P7_D02_S38,PT089,P7
PT089_P7_D03_S39,PT089,P7
PT089_P7_D04_S40,PT089,P7
PT089_P7_D05_S41,PT089,P7
PT089_P7_D06_S42,PT089,P7
PT089_P7_D07_S43,PT089,P7
PT089_P7_D08_S44,PT089,P7
PT089_P7_D09_S45,PT089,P7
PT089_P7_D10_S46,PT089,P7
PT089_P7_D11_S47,PT089,P7
PT089_P7_D12_S48,PT089,P7
PT089_P7_E01_S49,PT089,P7
PT089_P7_E02_S50,PT089,P7
PT089_P7_E03_S51,PT089,P7
PT089_P7_E04_S52,PT089,P7
PT089_P7_E05_S53,PT089,P7
PT089_P7_E06_S54,PT089,P7
PT089_P7_E07_S55,PT089,P7
PT089_P7_E08_S56,PT089,P7
PT089_P7_E09_S57,PT089,P7
PT089_P7_E10_S58,PT089,P7
PT089_P7_E11_S59,PT089,P7
PT089_P7_E12_S60,PT089,P7
PT089_P7_F01_S61,PT089,P7
PT089_P7_F02_S62,PT089,P7
PT089_P7_F03_S63,PT089,P7
PT089_P7_F04_S64,PT089,P7
PT089_P7_F05_S65,PT089,P7
PT089_P7_F06_S66,PT089,P7
PT089_P7_F07_S67,PT089,P7
PT089_P7_F08_S68,PT089,P7
PT089_P7_F09_S69,PT089,P7
PT089_P7_F10_S70,PT089,P7
PT089_P7_F11_S71,PT089,P7
PT089_P7_F12_S72,PT089,P7
PT089_P7_G01_S73,PT089,P7
PT089_P7_G02_S74,PT089,P7
PT089_P7_G03_S75,PT089,P7
PT089_P7_G04_S76,PT089,P7
PT089_P7_G05_S77,PT089,P7
PT089_P7_G06_S78,PT089,P7
PT089_P7_G07_S79,PT089,P7
PT089_P7_G08_S80,PT089,P7
PT089_P7_G09_S81,PT089,P7
PT089_P7_G10_S82,PT089,P7
PT089_P7_G11_S83,PT089,P7
PT089_P7_G12_S84,PT089,P7
PT089_P7_H01_S85,PT089,P7
PT089_P7_H02_S86,PT089,P7
PT089_P7_H03_S87,PT089,P7
PT089_P7_H04_S88,PT089,P7
PT089_P7_H05_S89,PT089,P7
PT089_P7_H06_S90,PT089,P7
PT089_P7_H07_S91,PT089,P7
PT089_P7_H08_S92,PT089,P7
PT089_P7_H09_S93,PT089,P7
PT089_P7_H10_S94,PT089,P7
PT089_P7_H11_S95,PT089,P7
PT089_P7_H12_S96,PT089,P7
PT089_P9_A01_S97,PT089,P9
PT089_P9_A02_S98,PT089,P9
PT089_P9_A03_S99,PT089,P9
PT089_P9_A04_S100,PT089,P9
PT089_P9_A05_S101,PT089,P9
PT089_P9_A06_S102,PT089,P9
PT089_P9_A07_S103,PT089,P9
PT089_P9_A08_S104,PT089,P9
PT089_P9_A09_S105,PT089,P9
PT089_P9_A10_S106,PT089,P9
PT089_P9_A11_S107,PT089,P9
PT089_P9_A12_S108,PT089,P9
PT089_P9_B01_S109,PT089,P9
PT089_P9_B02_S110,PT089,P9
PT089_P9_B03_S111,PT089,P9
PT089_P9_B04_S112,PT089,P9
PT089_P9_B05_S113,PT089,P9
PT089_P9_B06_S114,PT089,P9
PT089_P9_B07_S115,PT089,P9
PT089_P9_B08_S116,PT089,P9
PT089_P9_B09_S117,PT089,P9
PT089_P9_B10_S118,PT089,P9
PT089_P9_B11_S119,PT089,P9
PT089_P9_B12_S120,PT089,P9
PT089_P9_C01_S121,PT089,P9
PT089_P9_C02_S122,PT089,P9
PT089_P9_C03_S123,PT089,P9
PT089_P9_C04_S124,PT089,P9
PT089_P9_C05_S125,PT089,P9
PT089_P9_C06_S126,PT089,P9
PT089_P9_C07_S127,PT089,P9
PT089_P9_C08_S128,PT089,P9
PT089_P9_C09_S129,PT089,P9
PT089_P9_C10_S130,PT089,P9
PT089_P9_C11_S131,PT089,P9
PT089_P9_C12_S132,PT089,P9
PT089_P9_D01_S133,PT089,P9
PT089_P9_D02_S134,PT089,P9
PT089_P9_D03_S135,PT089,P9
PT089_P9_D04_S136,PT089,P9
PT089_P9_D05_S137,PT089,P9
PT089_P9_D06_S138,PT089,P9
PT089_P9_D07_S139,PT089,P9
PT089_P9_D08_S140,PT089,P9
PT089_P9_D09_S141,PT089,P9
PT089_P9_D10_S142,PT089,P9
PT089_P9_D11_S143,PT089,P9
PT089_P9_D12_S144,PT089,P9
PT089_P9_E01_S145,PT089,P9
PT089_P9_E02_S146,PT089,P9
PT089_P9_E03_S147,PT089,P9
PT089_P9_E04_S148,PT089,P9
PT089_P9_E05_S149,PT089,P9
PT089_P9_E06_S150,PT089,P9
PT089_P9_E07_S151,PT089,P9
PT089_P9_E08_S152,PT089,P9
PT089_P9_E09_S153,PT089,P9
PT089_P9_E10_S154,PT089,P9
PT089_P9_E11_S155,PT089,P9
PT089_P9_E12_S156,PT089,P9
PT089_P9_F01_S157,PT089,P9
PT089_P9_F02_S158,PT089,P9
PT089_P9_F03_S159,PT089,P9
PT089_P9_F04_S160,PT089,P9
PT089_P9_F05_S161,PT089,P9
PT089_P9_F06_S162,PT089,P9
PT089_P9_F07_S163,PT089,P9
PT089_P9_F08_S164,PT089,P9
PT089_P9_F09_S165,PT089,P9
PT089_P9_F10_S166,PT089,P9
PT089_P9_F11_S167,PT089,P9
PT089_P9_F12_S168,PT089,P9
PT089_P9_G01_S169,PT089,P9
PT089_P9_G02_S170,PT089,P9
PT089_P9_G03_S171,PT089,P9
PT089_P9_G04_S172,PT089,P9
PT089_P9_G05_S173,PT089,P9
PT089_P9_G06_S174,PT089,P9
PT089_P9_G07_S175,PT089,P9
PT089_P9_G08_S176,PT089,P9
PT089_P9_G09_S177,PT089,P9
PT089_P9_G10_S178,PT089,P9
PT089_P9_G11_S179,PT089,P9
PT089_P9_G12_S180,PT089,P9
PT089_P9_H01_S181,PT089,P9
PT089_P9_H02_S182,PT089,P9
PT089_P9_H03_S183,PT089,P9
PT089_P9_H04_S184,PT089,P9
PT089_P9_H05_S185,PT089,P9
PT089_P9_H06_S186,PT089,P9
PT089_P9_H07_S187,PT089,P9
PT089_P9_H08_S188,PT089,P9
PT089_P9_H09_S189,PT089,P9
PT089_P9_H10_S190,PT089,P9
PT089_P9_H11_S191,PT089,P9
PT089_P9_H12_S192,PT089,P9
PT039_P11_A01_S1,PT039,P11
PT039_P11_A02_S2,PT039,P11
PT039_P11_A03_S3,PT039,P11
PT039_P11_A04_S4,PT039,P11
PT039_P11_A05_S5,PT039,P11
PT039_P11_A06_S6,PT039,P11
PT039_P11_A07_S7,PT039,P11
PT039_P11_A08_S8,PT039,P11
PT039_P11_A09_S9,PT039,P11
PT039_P11_A10_S10,PT039,P11
PT039_P11_A11_S11,PT039,P11
PT039_P11_A12_S12,PT039,P11
PT039_P11_B01_S13,PT039,P11
PT039_P11_B02_S14,PT039,P11
PT039_P11_B03_S15,PT039,P11
PT039_P11_B04_S16,PT039,P11
PT039_P11_B05_S17,PT039,P11
PT039_P11_B06_S18,PT039,P11
PT039_P11_B07_S19,PT039,P11
PT039_P11_B08_S20,PT039,P11
PT039_P11_B09_S21,PT039,P11
PT039_P11_B10_S22,PT039,P11
PT039_P11_B11_S23,PT039,P11
PT039_P11_B12_S24,PT039,P11
PT039_P11_C01_S25,PT039,P11
PT039_P11_C02_S26,PT039,P11
PT039_P11_C03_S27,PT039,P11
PT039_P11_C04_S28,PT039,P11
PT039_P11_C05_S29,PT039,P11
PT039_P11_C06_S30,PT039,P11
PT039_P11_C07_S31,PT039,P11
PT039_P11_C08_S32,PT039,P11
PT039_P11_C09_S33,PT039,P11
PT039_P11_C10_S34,PT039,P11
PT039_P11_C11_S35,PT039,P11
PT039_P11_C12_S36,PT039,P11
PT039_P11_D01_S37,PT039,P11
PT039_P11_D02_S38,PT039,P11
PT039_P11_D03_S39,PT039,P11
PT039_P11_D04_S40,PT039,P11
PT039_P11_D05_S41,PT039,P11
PT039_P11_D06_S42,PT039,P11
PT039_P11_D07_S43,PT039,P11
PT039_P11_D08_S44,PT039,P11
PT039_P11_D09_S45,PT039,P11
PT039_P11_D10_S46,PT039,P11
PT039_P11_D11_S47,PT039,P11
PT039_P11_D12_S48,PT039,P11
PT039_P11_E01_S49,PT039,P11
PT039_P11_E02_S50,PT039,P11
PT039_P11_E03_S51,PT039,P11
PT039_P11_E04_S52,PT039,P11
PT039_P11_E05_S53,PT039,P11
PT039_P11_E06_S54,PT039,P11
PT039_P11_E07_S55,PT039,P11
PT039_P11_E08_S56,PT039,P11
PT039_P11_E09_S57,PT039,P11
PT039_P11_E10_S58,PT039,P11
PT039_P11_E11_S59,PT039,P11
PT039_P11_E12_S60,PT039,P11
PT039_P11_F01_S61,PT039,P11
PT039_P11_F02_S62,PT039,P11
PT039_P11_F03_S63,PT039,P11
PT039_P11_F04_S64,PT039,P11
PT039_P11_F05_S65,PT039,P11
PT039_P11_F06_S66,PT039,P11
PT039_P11_F07_S67,PT039,P11
PT039_P11_F08_S68,PT039,P11
PT039_P11_F09_S69,PT039,P11
PT039_P11_F10_S70,PT039,P11
PT039_P11_F11_S71,PT039,P11
PT039_P11_F12_S72,PT039,P11
PT039_P11_G01_S73,PT039,P11
PT039_P11_G02_S74,PT039,P11
PT039_P11_G03_S75,PT039,P11
PT039_P11_G04_S76,PT039,P11
PT039_P11_G05_S77,PT039,P11
PT039_P11_G06_S78,PT039,P11
PT039_P11_G07_S79,PT039,P11
PT039_P11_G08_S80,PT039,P11
PT039_P11_G09_S81,PT039,P11
PT039_P11_G10_S82,PT039,P11
PT039_P11_G11_S83,PT039,P11
PT039_P11_G12_S84,PT039,P11
PT039_P11_H01_S85,PT039,P11
PT039_P11_H02_S86,PT039,P11
PT039_P11_H03_S87,PT039,P11
PT039_P11_H04_S88,PT039,P11
PT039_P11_H05_S89,PT039,P11
PT039_P11_H06_S90,PT039,P11
PT039_P11_H07_S91,PT039,P11
PT039_P11_H08_S92,PT039,P11
PT039_P11_H09_S93,PT039,P11
PT039_P11_H10_S94,PT039,P11
PT039_P11_H11_S95,PT039,P11
PT039_P11_H12_S96,PT039,P11
PT039_P1_A01,PT039,P1
PT039_P1_A02,PT039,P1
PT039_P1_A03,PT039,P1
PT039_P1_A04,PT039,P1
PT039_P1_A05,PT039,P1
PT039_P1_A06,PT039,P1
PT039_P1_A07,PT039,P1
PT039_P1_A08,PT039,P1
PT039_P1_A09,PT039,P1
PT039_P1_A10,PT039,P1
PT039_P1_A11,PT039,P1
PT039_P1_A12,PT039,P1
PT039_P1_B01,PT039,P1
PT039_P1_B02,PT039,P1
PT039_P1_B03,PT039,P1
PT039_P1_B04,PT039,P1
PT039_P1_B05,PT039,P1
PT039_P1_B06,PT039,P1
PT039_P1_B07,PT039,P1
PT039_P1_B08,PT039,P1
PT039_P1_B09,PT039,P1
PT039_P1_B10,PT039,P1
PT039_P1_B11,PT039,P1
PT039_P1_B12,PT039,P1
PT039_P1_C01,PT039,P1
PT039_P1_C02,PT039,P1
PT039_P1_C03,PT039,P1
PT039_P1_C04,PT039,P1
PT039_P1_C05,PT039,P1
PT039_P1_C06,PT039,P1
PT039_P1_C07,PT039,P1
PT039_P1_C08,PT039,P1
PT039_P1_C09,PT039,P1
PT039_P1_C10,PT039,P1
PT039_P1_C11,PT039,P1
PT039_P1_C12,PT039,P1
PT039_P1_D01,PT039,P1
PT039_P1_D02,PT039,P1
PT039_P1_D03,PT039,P1
PT039_P1_D04,PT039,P1
PT039_P1_D05,PT039,P1
PT039_P1_D06,PT039,P1
PT039_P1_D07,PT039,P1
PT039_P1_D08,PT039,P1
PT039_P1_D09,PT039,P1
PT039_P1_D10,PT039,P1
PT039_P1_D11,PT039,P1
PT039_P1_D12,PT039,P1
PT039_P1_E01,PT039,P1
PT039_P1_E02,PT039,P1
PT039_P1_E03,PT039,P1
PT039_P1_E04,PT039,P1
PT039_P1_E05,PT039,P1
PT039_P1_E06,PT039,P1
PT039_P1_E07,PT039,P1
PT039_P1_E08,PT039,P1
PT039_P1_E09,PT039,P1
PT039_P1_E10,PT039,P1
PT039_P1_E11,PT039,P1
PT039_P1_E12,PT039,P1
PT039_P1_F01,PT039,P1
PT039_P1_F02,PT039,P1
PT039_P1_F03,PT039,P1
PT039_P1_F04,PT039,P1
PT039_P1_F05,PT039,P1
PT039_P1_F06,PT039,P1
PT039_P1_F07,PT039,P1
PT039_P1_F08,PT039,P1
PT039_P1_F09,PT039,P1
PT039_P1_F10,PT039,P1
PT039_P1_F11,PT039,P1
PT039_P1_F12,PT039,P1
PT039_P1_G01,PT039,P1
PT039_P1_G02,PT039,P1
PT039_P1_G03,PT039,P1
PT039_P1_G04,PT039,P1
PT039_P1_G05,PT039,P1
PT039_P1_G06,PT039,P1
PT039_P1_G07,PT039,P1
PT039_P1_G08,PT039,P1
PT039_P1_G09,PT039,P1
PT039_P1_G10,PT039,P1
PT039_P1_G11,PT039,P1
PT039_P1_G12,PT039,P1
PT039_P1_H01,PT039,P1
PT039_P1_H02,PT039,P1
PT039_P1_H03,PT039,P1
PT039_P1_H04,PT039,P1
PT039_P1_H05,PT039,P1
PT039_P1_H06,PT039,P1
PT039_P1_H07,PT039,P1
PT039_P1_H08,PT039,P1
PT039_P1_H09,PT039,P1
PT039_P1_H10,PT039,P1
PT039_P1_H11,PT039,P1
PT039_P1_H12,PT039,P1
PT058_P1_A01,PT058,P1
PT058_P1_A02,PT058,P1
PT058_P1_A03,PT058,P1
PT058_P1_A04,PT058,P1
PT058_P1_A05,PT058,P1
PT058_P1_A06,PT058,P1
PT058_P1_A07,PT058,P1
PT058_P1_A08,PT058,P1
PT058_P1_A09,PT058,P1
PT058_P1_A10,PT058,P1
PT058_P1_A11,PT058,P1
PT058_P1_A12,PT058,P1
PT058_P1_B01,PT058,P1
PT058_P1_B02,PT058,P1
PT058_P1_B03,PT058,P1
PT058_P1_B04,PT058,P1
PT058_P1_B05,PT058,P1
PT058_P1_B06,PT058,P1
PT058_P1_B07,PT058,P1
PT058_P1_B08,PT058,P1
PT058_P1_B09,PT058,P1
PT058_P1_B10,PT058,P1
PT058_P1_B11,PT058,P1
PT058_P1_B12,PT058,P1
PT058_P1_C01,PT058,P1
PT058_P1_C02,PT058,P1
PT058_P1_C03,PT058,P1
PT058_P1_C04,PT058,P1
PT058_P1_C05,PT058,P1
PT058_P1_C06,PT058,P1
PT058_P1_C07,PT058,P1
PT058_P1_C08,PT058,P1
PT058_P1_C09,PT058,P1
PT058_P1_C10,PT058,P1
PT058_P1_C11,PT058,P1
PT058_P1_C12,PT058,P1
PT058_P1_D01,PT058,P1
PT058_P1_D02,PT058,P1
PT058_P1_D03,PT058,P1
PT058_P1_D04,PT058,P1
PT058_P1_D05,PT058,P1
PT058_P1_D06,PT058,P1
PT058_P1_D07,PT058,P1
PT058_P1_D08,PT058,P1
PT058_P1_D09,PT058,P1
PT058_P1_D10,PT058,P1
PT058_P1_D11,PT058,P1
PT058_P1_D12,PT058,P1
PT058_P1_E01,PT058,P1
PT058_P1_E02,PT058,P1
PT058_P1_E03,PT058,P1
PT058_P1_E04,PT058,P1
PT058_P1_E05,PT058,P1
PT058_P1_E06,PT058,P1
PT058_P1_E07,PT058,P1
PT058_P1_E08,PT058,P1
PT058_P1_E09,PT058,P1
PT058_P1_E10,PT058,P1
PT058_P1_E11,PT058,P1
PT058_P1_E12,PT058,P1
PT058_P1_F01,PT058,P1
PT058_P1_F02,PT058,P1
PT058_P1_F03,PT058,P1
PT058_P1_F04,PT058,P1
PT058_P1_F05,PT058,P1
PT058_P1_F06,PT058,P1
PT058_P1_F07,PT058,P1
PT058_P1_F08,PT058,P1
PT058_P1_F09,PT058,P1
PT058_P1_F10,PT058,P1
PT058_P1_F11,PT058,P1
PT058_P1_F12,PT058,P1
PT058_P1_G01,PT058,P1
PT058_P1_G02,PT058,P1
PT058_P1_G03,PT058,P1
PT058_P1_G04,PT058,P1
PT058_P1_G05,PT058,P1
PT058_P1_G06,PT058,P1
PT058_P1_G07,PT058,P1
PT058_P1_G08,PT058,P1
PT058_P1_G09,PT058,P1
PT058_P1_G10,PT058,P1
PT058_P1_G11,PT058,P1
PT058_P1_G12,PT058,P1
PT058_P1_H01,PT058,P1
PT058_P1_H02,PT058,P1
PT058_P1_H03,PT058,P1
PT058_P1_H04,PT058,P1
PT058_P1_H05,PT058,P1
PT058_P1_H06,PT058,P1
PT058_P1_H07,PT058,P1
PT058_P1_H08,PT058,P1
PT058_P1_H09,PT058,P1
PT058_P1_H10,PT058,P1
PT058_P1_H11,PT058,P1
PT058_P1_H12,PT058,P1
PT081_P1_A01,PT081,P1
PT081_P1_A02,PT081,P1
PT081_P1_A03,PT081,P1
PT081_P1_A04,PT081,P1
PT081_P1_A05,PT081,P1
PT081_P1_A06,PT081,P1
PT081_P1_A07,PT081,P1
PT081_P1_A08,PT081,P1
PT081_P1_A09,PT081,P1
PT081_P1_A10,PT081,P1
PT081_P1_A11,PT081,P1
PT081_P1_A12,PT081,P1
PT081_P1_B01,PT081,P1
PT081_P1_B02,PT081,P1
PT081_P1_B03,PT081,P1
PT081_P1_B04,PT081,P1
PT081_P1_B05,PT081,P1
PT081_P1_B06,PT081,P1
PT081_P1_B07,PT081,P1
PT081_P1_B08,PT081,P1
PT081_P1_B09,PT081,P1
PT081_P1_B10,PT081,P1
PT081_P1_B11,PT081,P1
PT081_P1_B12,PT081,P1
PT081_P1_C01,PT081,P1
PT081_P1_C02,PT081,P1
PT081_P1_C03,PT081,P1
PT081_P1_C04,PT081,P1
PT081_P1_C05,PT081,P1
PT081_P1_C06,PT081,P1
PT081_P1_C07,PT081,P1
PT081_P1_C08,PT081,P1
PT081_P1_C09,PT081,P1
PT081_P1_C10,PT081,P1
PT081_P1_C11,PT081,P1
PT081_P1_C12,PT081,P1
PT081_P1_D01,PT081,P1
PT081_P1_D02,PT081,P1
PT081_P1_D03,PT081,P1
PT081_P1_D04,PT081,P1
PT081_P1_D05,PT081,P1
PT081_P1_D06,PT081,P1
PT081_P1_D07,PT081,P1
PT081_P1_D08,PT081,P1
PT081_P1_D09,PT081,P1
PT081_P1_D10,PT081,P1
PT081_P1_D11,PT081,P1
PT081_P1_D12,PT081,P1
PT081_P1_E01,PT081,P1
PT081_P1_E02,PT081,P1
PT081_P1_E03,PT081,P1
PT081_P1_E04,PT081,P1
PT081_P1_E05,PT081,P1
PT081_P1_E06,PT081,P1
PT081_P1_E07,PT081,P1
PT081_P1_E08,PT081,P1
PT081_P1_E09,PT081,P1
PT081_P1_E10,PT081,P1
PT081_P1_E11,PT081,P1
PT081_P1_E12,PT081,P1
PT081_P1_F01,PT081,P1
PT081_P1_F02,PT081,P1
PT081_P1_F03,PT081,P1
PT081_P1_F04,PT081,P1
PT081_P1_F05,PT081,P1
PT081_P1_F06,PT081,P1
PT081_P1_F07,PT081,P1
PT081_P1_F08,PT081,P1
PT081_P1_F09,PT081,P1
PT081_P1_F10,PT081,P1
PT081_P1_F11,PT081,P1
PT081_P1_F12,PT081,P1
PT081_P1_G01,PT081,P1
PT081_P1_G02,PT081,P1
PT081_P1_G03,PT081,P1
PT081_P1_G04,PT081,P1
PT081_P1_G05,PT081,P1
PT081_P1_G06,PT081,P1
PT081_P1_G07,PT081,P1
PT081_P1_G08,PT081,P1
PT081_P1_G09,PT081,P1
PT081_P1_G10,PT081,P1
PT081_P1_G11,PT081,P1
PT081_P1_G12,PT081,P1
PT081_P1_H01,PT081,P1
PT081_P1_H02,PT081,P1
PT081_P1_H03,PT081,P1
PT081_P1_H04,PT081,P1
PT081_P1_H05,PT081,P1
PT081_P1_H06,PT081,P1
PT081_P1_H07,PT081,P1
PT081_P1_H08,PT081,P1
PT081_P1_H09,PT081,P1
PT081_P1_H10,PT081,P1
PT081_P1_H11,PT081,P1
PT081_P1_H12,PT081,P1
PT081_P3_A01_S193,PT081,P3
PT081_P3_A02_S194,PT081,P3
PT081_P3_A03_S195,PT081,P3
PT081_P3_A04_S196,PT081,P3
PT081_P3_A05_S197,PT081,P3
PT081_P3_A06_S198,PT081,P3
PT081_P3_A07_S199,PT081,P3
PT081_P3_A08_S200,PT081,P3
PT081_P3_A09_S201,PT081,P3
PT081_P3_A10_S202,PT081,P3
PT081_P3_A11_S203,PT081,P3
PT081_P3_A12_S204,PT081,P3
PT081_P3_B01_S205,PT081,P3
PT081_P3_B02_S206,PT081,P3
PT081_P3_B03_S207,PT081,P3
PT081_P3_B04_S208,PT081,P3
PT081_P3_B05_S209,PT081,P3
PT081_P3_B06_S210,PT081,P3
PT081_P3_B07_S211,PT081,P3
PT081_P3_B08_S212,PT081,P3
PT081_P3_B09_S213,PT081,P3
PT081_P3_B10_S214,PT081,P3
PT081_P3_B11_S215,PT081,P3
PT081_P3_B12_S216,PT081,P3
PT081_P3_C01_S217,PT081,P3
PT081_P3_C02_S218,PT081,P3
PT081_P3_C03_S219,PT081,P3
PT081_P3_C04_S220,PT081,P3
PT081_P3_C05_S221,PT081,P3
PT081_P3_C06_S222,PT081,P3
PT081_P3_C07_S223,PT081,P3
PT081_P3_C08_S224,PT081,P3
PT081_P3_C09_S225,PT081,P3
PT081_P3_C10_S226,PT081,P3
PT081_P3_C11_S227,PT081,P3
PT081_P3_C12_S228,PT081,P3
PT081_P3_D01_S229,PT081,P3
PT081_P3_D02_S230,PT081,P3
PT081_P3_D03_S231,PT081,P3
PT081_P3_D04_S232,PT081,P3
PT081_P3_D05_S233,PT081,P3
PT081_P3_D06_S234,PT081,P3
PT081_P3_D07_S235,PT081,P3
PT081_P3_D08_S236,PT081,P3
PT081_P3_D09_S237,PT081,P3
PT081_P3_D10_S238,PT081,P3
PT081_P3_D11_S239,PT081,P3
PT081_P3_D12_S240,PT081,P3
PT081_P3_E01_S241,PT081,P3
PT081_P3_E02_S242,PT081,P3
PT081_P3_E03_S243,PT081,P3
PT081_P3_E04_S244,PT081,P3
PT081_P3_E05_S245,PT081,P3
PT081_P3_E06_S246,PT081,P3
PT081_P3_E07_S247,PT081,P3
PT081_P3_E08_S248,PT081,P3
PT081_P3_E09_S249,PT081,P3
PT081_P3_E10_S250,PT081,P3
PT081_P3_E11_S251,PT081,P3
PT081_P3_E12_S252,PT081,P3
PT081_P3_F01_S253,PT081,P3
PT081_P3_F02_S254,PT081,P3
PT081_P3_F03_S255,PT081,P3
PT081_P3_F04_S256,PT081,P3
PT081_P3_F05_S257,PT081,P3
PT081_P3_F06_S258,PT081,P3
PT081_P3_F07_S259,PT081,P3
PT081_P3_F08_S260,PT081,P3
PT081_P3_F09_S261,PT081,P3
PT081_P3_F10_S262,PT081,P3
PT081_P3_F11_S263,PT081,P3
PT081_P3_F12_S264,PT081,P3
PT081_P3_G01_S265,PT081,P3
PT081_P3_G02_S266,PT081,P3
PT081_P3_G03_S267,PT081,P3
PT081_P3_G04_S268,PT081,P3
PT081_P3_G05_S269,PT081,P3
PT081_P3_G06_S270,PT081,P3
PT081_P3_G07_S271,PT081,P3
PT081_P3_G08_S272,PT081,P3
PT081_P3_G09_S273,PT081,P3
PT081_P3_G10_S274,PT081,P3
PT081_P3_G11_S275,PT081,P3
PT081_P3_G12_S276,PT081,P3
PT081_P3_H01_S277,PT081,P3
PT081_P3_H02_S278,PT081,P3
PT081_P3_H03_S279,PT081,P3
PT081_P3_H04_S280,PT081,P3
PT081_P3_H05_S281,PT081,P3
PT081_P3_H06_S282,PT081,P3
PT081_P3_H07_S283,PT081,P3
PT081_P3_H08_S284,PT081,P3
PT081_P3_H09_S285,PT081,P3
PT081_P3_H10_S286,PT081,P3
PT081_P3_H11_S287,PT081,P3
PT081_P3_H12_S288,PT081,P3
PT081_P5_A01_S97,PT081,P5
PT081_P5_A02_S98,PT081,P5
PT081_P5_A03_S99,PT081,P5
PT081_P5_A04_S100,PT081,P5
PT081_P5_A05_S101,PT081,P5
PT081_P5_A06_S102,PT081,P5
PT081_P5_A07_S103,PT081,P5
PT081_P5_A08_S104,PT081,P5
PT081_P5_A09_S105,PT081,P5
PT081_P5_A10_S106,PT081,P5
PT081_P5_A11_S107,PT081,P5
PT081_P5_A12_S108,PT081,P5
PT081_P5_B01_S109,PT081,P5
PT081_P5_B02_S110,PT081,P5
PT081_P5_B03_S111,PT081,P5
PT081_P5_B04_S112,PT081,P5
PT081_P5_B05_S113,PT081,P5
PT081_P5_B06_S114,PT081,P5
PT081_P5_B07_S115,PT081,P5
PT081_P5_B08_S116,PT081,P5
PT081_P5_B09_S117,PT081,P5
PT081_P5_B10_S118,PT081,P5
PT081_P5_B11_S119,PT081,P5
PT081_P5_B12_S120,PT081,P5
PT081_P5_C01_S121,PT081,P5
PT081_P5_C02_S122,PT081,P5
PT081_P5_C03_S123,PT081,P5
PT081_P5_C04_S124,PT081,P5
PT081_P5_C05_S125,PT081,P5
PT081_P5_C06_S126,PT081,P5
PT081_P5_C07_S127,PT081,P5
PT081_P5_C08_S128,PT081,P5
PT081_P5_C09_S129,PT081,P5
PT081_P5_C10_S130,PT081,P5
PT081_P5_C11_S131,PT081,P5
PT081_P5_C12_S132,PT081,P5
PT081_P5_D01_S133,PT081,P5
PT081_P5_D02_S134,PT081,P5
PT081_P5_D03_S135,PT081,P5
PT081_P5_D04_S136,PT081,P5
PT081_P5_D05_S137,PT081,P5
PT081_P5_D06_S138,PT081,P5
PT081_P5_D07_S139,PT081,P5
PT081_P5_D08_S140,PT081,P5
PT081_P5_D09_S141,PT081,P5
PT081_P5_D10_S142,PT081,P5
PT081_P5_D11_S143,PT081,P5
PT081_P5_D12_S144,PT081,P5
PT081_P5_E01_S145,PT081,P5
PT081_P5_E02_S146,PT081,P5
PT081_P5_E03_S147,PT081,P5
PT081_P5_E04_S148,PT081,P5
PT081_P5_E05_S149,PT081,P5
PT081_P5_E06_S150,PT081,P5
PT081_P5_E07_S151,PT081,P5
PT081_P5_E08_S152,PT081,P5
PT081_P5_E09_S153,PT081,P5
PT081_P5_E10_S154,PT081,P5
PT081_P5_E11_S155,PT081,P5
PT081_P5_E12_S156,PT081,P5
PT081_P5_F01_S157,PT081,P5
PT081_P5_F02_S158,PT081,P5
PT081_P5_F03_S159,PT081,P5
PT081_P5_F04_S160,PT081,P5
PT081_P5_F05_S161,PT081,P5
PT081_P5_F06_S162,PT081,P5
PT081_P5_F07_S163,PT081,P5
PT081_P5_F08_S164,PT081,P5
PT081_P5_F09_S165,PT081,P5
PT081_P5_F10_S166,PT081,P5
PT081_P5_F11_S167,PT081,P5
PT081_P5_F12_S168,PT081,P5
PT081_P5_G01_S169,PT081,P5
PT081_P5_G02_S170,PT081,P5
PT081_P5_G03_S171,PT081,P5
PT081_P5_G04_S172,PT081,P5
PT081_P5_G05_S173,PT081,P5
PT081_P5_G06_S174,PT081,P5
PT081_P5_G07_S175,PT081,P5
PT081_P5_G08_S176,PT081,P5
PT081_P5_G09_S177,PT081,P5
PT081_P5_G10_S178,PT081,P5
PT081_P5_G11_S179,PT081,P5
PT081_P5_G12_S180,PT081,P5
PT081_P5_H01_S181,PT081,P5
PT081_P5_H02_S182,PT081,P5
PT081_P5_H03_S183,PT081,P5
PT081_P5_H04_S184,PT081,P5
PT081_P5_H05_S185,PT081,P5
PT081_P5_H06_S186,PT081,P5
PT081_P5_H07_S187,PT081,P5
PT081_P5_H08_S188,PT081,P5
PT081_P5_H09_S189,PT081,P5
PT081_P5_H10_S190,PT081,P5
PT081_P5_H11_S191,PT081,P5
PT081_P5_H12_S192,PT081,P5
PT084_P11_A01_S289,PT084,P11
PT084_P11_A02_S290,PT084,P11
PT084_P11_A03_S291,PT084,P11
PT084_P11_A04_S292,PT084,P11
PT084_P11_A05_S293,PT084,P11
PT084_P11_A06_S294,PT084,P11
PT084_P11_A07_S295,PT084,P11
PT084_P11_A08_S296,PT084,P11
PT084_P11_A09_S297,PT084,P11
PT084_P11_A10_S298,PT084,P11
PT084_P11_A11_S299,PT084,P11
PT084_P11_A12_S300,PT084,P11
PT084_P11_B01_S301,PT084,P11
PT084_P11_B02_S302,PT084,P11
PT084_P11_B03_S303,PT084,P11
PT084_P11_B04_S304,PT084,P11
PT084_P11_B05_S305,PT084,P11
PT084_P11_B06_S306,PT084,P11
PT084_P11_B07_S307,PT084,P11
PT084_P11_B08_S308,PT084,P11
PT084_P11_B09_S309,PT084,P11
PT084_P11_B10_S310,PT084,P11
PT084_P11_B11_S311,PT084,P11
PT084_P11_B12_S312,PT084,P11
PT084_P11_C01_S313,PT084,P11
PT084_P11_C02_S314,PT084,P11
PT084_P11_C03_S315,PT084,P11
PT084_P11_C04_S316,PT084,P11
PT084_P11_C05_S317,PT084,P11
PT084_P11_C06_S318,PT084,P11
PT084_P11_C07_S319,PT084,P11
PT084_P11_C08_S320,PT084,P11
PT084_P11_C09_S321,PT084,P11
PT084_P11_C10_S322,PT084,P11
PT084_P11_C11_S323,PT084,P11
PT084_P11_C12_S324,PT084,P11
PT084_P11_D01_S325,PT084,P11
PT084_P11_D02_S326,PT084,P11
PT084_P11_D03_S327,PT084,P11
PT084_P11_D04_S328,PT084,P11
PT084_P11_D05_S329,PT084,P11
PT084_P11_D06_S330,PT084,P11
PT084_P11_D07_S331,PT084,P11
PT084_P11_D08_S332,PT084,P11
PT084_P11_D09_S333,PT084,P11
PT084_P11_D10_S334,PT084,P11
PT084_P11_D11_S335,PT084,P11
PT084_P11_D12_S336,PT084,P11
PT084_P11_E01_S337,PT084,P11
PT084_P11_E02_S338,PT084,P11
PT084_P11_E03_S339,PT084,P11
PT084_P11_E04_S340,PT084,P11
PT084_P11_E05_S341,PT084,P11
PT084_P11_E06_S342,PT084,P11
PT084_P11_E07_S343,PT084,P11
PT084_P11_E08_S344,PT084,P11
PT084_P11_E09_S345,PT084,P11
PT084_P11_E10_S346,PT084,P11
PT084_P11_E11_S347,PT084,P11
PT084_P11_E12_S348,PT084,P11
PT084_P11_F01_S349,PT084,P11
PT084_P11_F02_S350,PT084,P11
PT084_P11_F03_S351,PT084,P11
PT084_P11_F04_S352,PT084,P11
PT084_P11_F05_S353,PT084,P11
PT084_P11_F06_S354,PT084,P11
PT084_P11_F07_S355,PT084,P11
PT084_P11_F08_S356,PT084,P11
PT084_P11_F09_S357,PT084,P11
PT084_P11_F10_S358,PT084,P11
PT084_P11_F11_S359,PT084,P11
PT084_P11_F12_S360,PT084,P11
PT084_P11_G01_S361,PT084,P11
PT084_P11_G02_S362,PT084,P11
PT084_P11_G03_S363,PT084,P11
PT084_P11_G04_S364,PT084,P11
PT084_P11_G05_S365,PT084,P11
PT084_P11_G06_S366,PT084,P11
PT084_P11_G07_S367,PT084,P11
PT084_P11_G08_S368,PT084,P11
PT084_P11_G09_S369,PT084,P11
PT084_P11_G10_S370,PT084,P11
PT084_P11_G11_S371,PT084,P11
PT084_P11_G12_S372,PT084,P11
PT084_P11_H01_S373,PT084,P11
PT084_P11_H02_S374,PT084,P11
PT084_P11_H03_S375,PT084,P11
PT084_P11_H04_S376,PT084,P11
PT084_P11_H05_S377,PT084,P11
PT084_P11_H06_S378,PT084,P11
PT084_P11_H07_S379,PT084,P11
PT084_P11_H08_S380,PT084,P11
PT084_P11_H09_S381,PT084,P11
PT084_P11_H10_S382,PT084,P11
PT084_P11_H11_S383,PT084,P11
PT084_P11_H12_S384,PT084,P11
PT084_P1_D10,PT084,P1
PT084_P1_D11,PT084,P1
PT084_P1_D12,PT084,P1
PT084_P1_E01,PT084,P1
PT084_P1_E02,PT084,P1
PT084_P1_E03,PT084,P1
PT084_P1_E04,PT084,P1
PT084_P1_E05,PT084,P1
PT084_P1_E06,PT084,P1
PT084_P1_E07,PT084,P1
PT084_P1_E08,PT084,P1
PT084_P1_E09,PT084,P1
PT084_P1_E10,PT084,P1
PT084_P1_E11,PT084,P1
PT084_P1_E12,PT084,P1
PT084_P1_F01,PT084,P1
PT084_P1_F02,PT084,P1
PT084_P1_F03,PT084,P1
PT084_P1_F04,PT084,P1
PT084_P1_F05,PT084,P1
PT084_P1_F06,PT084,P1
PT084_P1_F07,PT084,P1
PT084_P1_F08,PT084,P1
PT084_P1_F09,PT084,P1
PT084_P1_F10,PT084,P1
PT084_P1_F11,PT084,P1
PT084_P1_F12,PT084,P1
PT084_P1_G01,PT084,P1
PT084_P1_G02,PT084,P1
PT084_P1_G03,PT084,P1
PT084_P1_G04,PT084,P1
PT084_P1_G05,PT084,P1
PT084_P1_G06,PT084,P1
PT084_P1_G07,PT084,P1
PT084_P1_G08,PT084,P1
PT084_P1_G09,PT084,P1
PT084_P1_G10,PT084,P1
PT084_P1_G11,PT084,P1
PT084_P1_G12,PT084,P1
PT084_P1_H01,PT084,P1
PT084_P1_H02,PT084,P1
PT084_P1_H03,PT084,P1
PT084_P1_H04,PT084,P1
PT084_P1_H05,PT084,P1
PT084_P1_H06,PT084,P1
PT084_P1_H07,PT084,P1
PT084_P1_H08,PT084,P1
PT084_P1_H09,PT084,P1
PT084_P1_H10,PT084,P1
PT084_P1_H11,PT084,P1
PT084_P1_H12,PT084,P1
PT084_P8_A01_S193,PT084,P8
PT084_P8_A02_S194,PT084,P8
PT084_P8_A03_S195,PT084,P8
PT084_P8_A04_S196,PT084,P8
PT084_P8_A05_S197,PT084,P8
PT084_P8_A06_S198,PT084,P8
PT084_P8_A07_S199,PT084,P8
PT084_P8_A08_S200,PT084,P8
PT084_P8_A09_S201,PT084,P8
PT084_P8_A10_S202,PT084,P8
PT084_P8_A11_S203,PT084,P8
PT084_P8_A12_S204,PT084,P8
PT084_P8_B01_S205,PT084,P8
PT084_P8_B02_S206,PT084,P8
PT084_P8_B03_S207,PT084,P8
PT084_P8_B04_S208,PT084,P8
PT084_P8_B05_S209,PT084,P8
PT084_P8_B06_S210,PT084,P8
PT084_P8_B07_S211,PT084,P8
PT084_P8_B08_S212,PT084,P8
PT084_P8_B09_S213,PT084,P8
PT084_P8_B10_S214,PT084,P8
PT084_P8_B11_S215,PT084,P8
PT084_P8_B12_S216,PT084,P8
PT084_P8_C01_S217,PT084,P8
PT084_P8_C02_S218,PT084,P8
PT084_P8_C03_S219,PT084,P8
PT084_P8_C04_S220,PT084,P8
PT084_P8_C05_S221,PT084,P8
PT084_P8_C06_S222,PT084,P8
PT084_P8_C07_S223,PT084,P8
PT084_P8_C08_S224,PT084,P8
PT084_P8_C09_S225,PT084,P8
PT084_P8_C10_S226,PT084,P8
PT084_P8_C11_S227,PT084,P8
PT084_P8_C12_S228,PT084,P8
PT084_P8_D01_S229,PT084,P8
PT084_P8_D02_S230,PT084,P8
PT084_P8_D03_S231,PT084,P8
PT084_P8_D04_S232,PT084,P8
PT084_P8_D05_S233,PT084,P8
PT084_P8_D06_S234,PT084,P8
PT084_P8_D07_S235,PT084,P8
PT084_P8_D08_S236,PT084,P8
PT084_P8_D09_S237,PT084,P8
PT084_P8_D10_S238,PT084,P8
PT084_P8_D11_S239,PT084,P8
PT084_P8_D12_S240,PT084,P8
PT084_P8_E01_S241,PT084,P8
PT084_P8_E02_S242,PT084,P8
PT084_P8_E03_S243,PT084,P8
PT084_P8_E04_S244,PT084,P8
PT084_P8_E05_S245,PT084,P8
PT084_P8_E06_S246,PT084,P8
PT084_P8_E07_S247,PT084,P8
PT084_P8_E08_S248,PT084,P8
PT084_P8_E09_S249,PT084,P8
PT084_P8_E10_S250,PT084,P8
PT084_P8_E11_S251,PT084,P8
PT084_P8_E12_S252,PT084,P8
PT084_P8_F01_S253,PT084,P8
PT084_P8_F02_S254,PT084,P8
PT084_P8_F03_S255,PT084,P8
PT084_P8_F04_S256,PT084,P8
PT084_P8_F05_S257,PT084,P8
PT084_P8_F06_S258,PT084,P8
PT084_P8_F07_S259,PT084,P8
PT084_P8_F08_S260,PT084,P8
PT084_P8_F09_S261,PT084,P8
PT084_P8_F10_S262,PT084,P8
PT084_P8_F11_S263,PT084,P8
PT084_P8_F12_S264,PT084,P8
PT084_P8_G01_S265,PT084,P8
PT084_P8_G02_S266,PT084,P8
PT084_P8_G03_S267,PT084,P8
PT084_P8_G04_S268,PT084,P8
PT084_P8_G05_S269,PT084,P8
PT084_P8_G06_S270,PT084,P8
PT084_P8_G07_S271,PT084,P8
PT084_P8_G08_S272,PT084,P8
PT084_P8_G09_S273,PT084,P8
PT084_P8_G10_S274,PT084,P8
PT084_P8_G11_S275,PT084,P8
PT084_P8_G12_S276,PT084,P8
PT084_P8_H01_S277,PT084,P8
PT084_P8_H02_S278,PT084,P8
PT084_P8_H03_S279,PT084,P8
PT084_P8_H04_S280,PT084,P8
PT084_P8_H05_S281,PT084,P8
PT084_P8_H06_S282,PT084,P8
PT084_P8_H07_S283,PT084,P8
PT084_P8_H08_S284,PT084,P8
PT084_P8_H09_S285,PT084,P8
PT084_P8_H10_S286,PT084,P8
PT084_P8_H11_S287,PT084,P8
PT084_P8_H12_S288,PT084,P8
PT126_P7_A03_S99,PT126,P7
PT126_P3_A01_S1,PT126,P3
PT126_P3_A02_S2,PT126,P3
PT126_P3_A03_S3,PT126,P3
PT126_P3_A04_S4,PT126,P3
PT126_P3_A05_S5,PT126,P3
PT126_P3_A06_S6,PT126,P3
PT126_P3_A07_S7,PT126,P3
PT126_P3_A08_S8,PT126,P3
PT126_P3_A09_S9,PT126,P3
PT126_P3_A10_S10,PT126,P3
PT126_P3_A11_S11,PT126,P3
PT126_P3_A12_S12,PT126,P3
PT126_P3_B01_S13,PT126,P3
PT126_P3_B02_S14,PT126,P3
PT126_P3_B03_S15,PT126,P3
PT126_P3_B04_S16,PT126,P3
PT126_P3_B05_S17,PT126,P3
PT126_P3_B06_S18,PT126,P3
PT126_P3_B07_S19,PT126,P3
PT126_P3_B08_S20,PT126,P3
PT126_P3_B09_S21,PT126,P3
PT126_P3_B10_S22,PT126,P3
PT126_P3_B11_S23,PT126,P3
PT126_P3_B12_S24,PT126,P3
PT126_P3_C01_S25,PT126,P3
PT126_P3_C02_S26,PT126,P3
PT126_P3_C03_S27,PT126,P3
PT126_P3_C04_S28,PT126,P3
PT126_P3_C05_S29,PT126,P3
PT126_P3_C06_S30,PT126,P3
PT126_P3_C07_S31,PT126,P3
PT126_P3_C08_S32,PT126,P3
PT126_P3_C09_S33,PT126,P3
PT126_P3_C10_S34,PT126,P3
PT126_P3_C11_S35,PT126,P3
PT126_P3_C12_S36,PT126,P3
PT126_P3_D01_S37,PT126,P3
PT126_P3_D02_S38,PT126,P3
PT126_P3_D03_S39,PT126,P3
PT126_P3_D04_S40,PT126,P3
PT126_P3_D05_S41,PT126,P3
PT126_P3_D06_S42,PT126,P3
PT126_P3_D08_S44,PT126,P3
PT126_P3_D09_S45,PT126,P3
PT126_P3_D10_S46,PT126,P3
PT126_P3_D11_S47,PT126,P3
PT126_P3_D12_S48,PT126,P3
PT126_P3_E01_S49,PT126,P3
PT126_P3_E02_S50,PT126,P3
PT126_P3_E03_S51,PT126,P3
PT126_P3_E04_S52,PT126,P3
PT126_P3_E05_S53,PT126,P3
PT126_P3_E06_S54,PT126,P3
PT126_P3_E07_S55,PT126,P3
PT126_P3_E08_S56,PT126,P3
PT126_P3_E09_S57,PT126,P3
PT126_P3_E11_S59,PT126,P3
PT126_P3_E12_S60,PT126,P3
PT126_P3_F01_S61,PT126,P3
PT126_P3_F02_S62,PT126,P3
PT126_P3_F03_S63,PT126,P3
PT126_P3_F04_S64,PT126,P3
PT126_P3_F05_S65,PT126,P3
PT126_P3_F06_S66,PT126,P3
PT126_P3_F07_S67,PT126,P3
PT126_P3_F08_S68,PT126,P3
PT126_P3_F09_S69,PT126,P3
PT126_P3_F10_S70,PT126,P3
PT126_P3_F11_S71,PT126,P3
PT126_P3_F12_S72,PT126,P3
PT126_P3_G01_S73,PT126,P3
PT126_P3_G02_S74,PT126,P3
PT126_P3_G03_S75,PT126,P3
PT126_P3_G04_S76,PT126,P3
PT126_P3_G05_S77,PT126,P3
PT126_P3_G06_S78,PT126,P3
PT126_P3_G07_S79,PT126,P3
PT126_P3_G08_S80,PT126,P3
PT126_P3_G09_S81,PT126,P3
PT126_P3_G10_S82,PT126,P3
PT126_P3_G11_S83,PT126,P3
PT126_P3_G12_S84,PT126,P3
PT126_P3_H01_S85,PT126,P3
PT126_P3_H02_S86,PT126,P3
PT126_P3_H03_S87,PT126,P3
PT126_P3_H04_S88,PT126,P3
PT126_P3_H05_S89,PT126,P3
PT126_P3_H06_S90,PT126,P3
PT126_P3_H07_S91,PT126,P3
PT126_P3_H08_S92,PT126,P3
PT126_P3_H09_S93,PT126,P3
PT126_P3_H10_S94,PT126,P3
PT126_P3_H11_S95,PT126,P3
PT126_P3_H12_S96,PT126,P3
PT126_P7_A01_S97,PT126,P7
PT126_P7_A02_S98,PT126,P7
PT126_P7_A04_S100,PT126,P7
PT126_P7_A05_S101,PT126,P7
PT126_P7_A06_S102,PT126,P7
PT126_P7_A07_S103,PT126,P7
PT126_P7_A08_S104,PT126,P7
PT126_P7_A09_S105,PT126,P7
PT126_P7_A10_S106,PT126,P7
PT126_P7_A11_S107,PT126,P7
PT126_P7_A12_S108,PT126,P7
PT126_P7_B01_S109,PT126,P7
PT126_P7_B02_S110,PT126,P7
PT126_P7_B03_S111,PT126,P7
PT126_P7_B04_S112,PT126,P7
PT126_P7_B05_S113,PT126,P7
PT126_P7_B06_S114,PT126,P7
PT126_P7_B07_S115,PT126,P7
PT126_P7_B08_S116,PT126,P7
PT126_P7_B09_S117,PT126,P7
PT126_P7_B10_S118,PT126,P7
PT126_P7_B11_S119,PT126,P7
PT126_P7_B12_S120,PT126,P7
PT126_P7_C01_S121,PT126,P7
PT126_P7_C02_S122,PT126,P7
PT126_P7_C03_S123,PT126,P7
PT126_P7_C04_S124,PT126,P7
PT126_P7_C05_S125,PT126,P7
PT126_P7_C06_S126,PT126,P7
PT126_P7_C07_S127,PT126,P7
PT126_P7_C08_S128,PT126,P7
PT126_P7_C09_S129,PT126,P7
PT126_P7_C10_S130,PT126,P7
PT126_P7_C11_S131,PT126,P7
PT126_P7_C12_S132,PT126,P7
PT126_P7_D01_S133,PT126,P7
PT126_P7_D02_S134,PT126,P7
PT126_P7_D03_S135,PT126,P7
PT126_P7_D04_S136,PT126,P7
PT126_P7_D05_S137,PT126,P7
PT126_P7_D06_S138,PT126,P7
PT126_P7_D07_S139,PT126,P7
PT126_P7_D08_S140,PT126,P7
PT126_P7_D09_S141,PT126,P7
PT126_P7_D10_S142,PT126,P7
PT126_P7_D11_S143,PT126,P7
PT126_P7_D12_S144,PT126,P7
PT126_P7_E01_S145,PT126,P7
PT126_P7_E02_S146,PT126,P7
PT126_P7_E03_S147,PT126,P7
PT126_P7_E04_S148,PT126,P7
PT126_P7_E05_S149,PT126,P7
PT126_P7_E06_S150,PT126,P7
PT126_P7_E07_S151,PT126,P7
PT126_P7_E08_S152,PT126,P7
PT126_P7_E09_S153,PT126,P7
PT126_P7_E10_S154,PT126,P7
PT126_P7_E11_S155,PT126,P7
PT126_P7_E12_S156,PT126,P7
PT126_P7_F01_S157,PT126,P7
PT126_P7_F02_S158,PT126,P7
PT126_P7_F03_S159,PT126,P7
PT126_P7_F04_S160,PT126,P7
PT126_P7_F05_S161,PT126,P7
PT126_P7_F06_S162,PT126,P7
PT126_P7_F07_S163,PT126,P7
PT126_P7_F08_S164,PT126,P7
PT126_P7_F09_S165,PT126,P7
PT126_P7_F10_S166,PT126,P7
PT126_P7_F11_S167,PT126,P7
PT126_P7_F12_S168,PT126,P7
PT126_P7_G01_S169,PT126,P7
PT126_P7_G02_S170,PT126,P7
PT126_P7_G03_S171,PT126,P7
PT126_P7_G04_S172,PT126,P7
PT126_P7_G05_S173,PT126,P7
PT126_P7_G06_S174,PT126,P7
PT126_P7_G07_S175,PT126,P7
PT126_P7_G08_S176,PT126,P7
PT126_P7_G09_S177,PT126,P7
PT126_P7_G10_S178,PT126,P7
PT126_P7_G11_S179,PT126,P7
PT126_P7_G12_S180,PT126,P7
PT126_P7_H01_S181,PT126,P7
PT126_P7_H02_S182,PT126,P7
PT126_P7_H03_S183,PT126,P7
PT126_P7_H04_S184,PT126,P7
PT126_P7_H05_S185,PT126,P7
PT126_P7_H06_S186,PT126,P7
PT126_P7_H07_S187,PT126,P7
PT126_P7_H08_S188,PT126,P7
PT126_P7_H09_S189,PT126,P7
PT126_P7_H10_S190,PT126,P7
PT126_P7_H11_S191,PT126,P7
PT126_P7_H12_S192,PT126,P7
PT039_P121_A01_S289,PT039,P121
PT039_P121_A02_S290,PT039,P121
PT039_P121_A03_S291,PT039,P121
PT039_P121_A04_S292,PT039,P121
PT039_P121_A05_S293,PT039,P121
PT039_P121_A06_S294,PT039,P121
PT039_P121_A07_S295,PT039,P121
PT039_P121_A08_S296,PT039,P121
PT039_P121_A09_S297,PT039,P121
PT039_P121_A10_S298,PT039,P121
PT039_P121_A11_S299,PT039,P121
PT039_P121_A12_S300,PT039,P121
PT039_P121_B01_S301,PT039,P121
PT039_P121_B02_S302,PT039,P121
PT039_P121_B03_S303,PT039,P121
PT039_P121_B04_S304,PT039,P121
PT039_P121_B05_S305,PT039,P121
PT039_P121_B06_S306,PT039,P121
PT039_P121_B07_S307,PT039,P121
PT039_P121_B08_S308,PT039,P121
PT039_P121_B09_S309,PT039,P121
PT039_P121_B10_S310,PT039,P121
PT039_P121_B11_S311,PT039,P121
PT039_P121_B12_S312,PT039,P121
PT039_P121_C01_S313,PT039,P121
PT039_P121_C02_S314,PT039,P121
PT039_P121_C03_S315,PT039,P121
PT039_P121_C04_S316,PT039,P121
PT039_P121_C05_S317,PT039,P121
PT039_P121_C06_S318,PT039,P121
PT039_P121_C07_S319,PT039,P121
PT039_P121_C08_S320,PT039,P121
PT039_P121_C09_S321,PT039,P121
PT039_P121_C10_S322,PT039,P121
PT039_P121_C11_S323,PT039,P121
PT039_P121_C12_S324,PT039,P121
PT039_P121_D01_S325,PT039,P121
PT039_P121_D02_S326,PT039,P121
PT039_P121_D03_S327,PT039,P121
PT039_P121_D04_S328,PT039,P121
PT039_P121_D05_S329,PT039,P121
PT039_P121_D06_S330,PT039,P121
PT039_P121_D07_S331,PT039,P121
PT039_P121_D08_S332,PT039,P121
PT039_P121_D09_S333,PT039,P121
PT039_P121_D10_S334,PT039,P121
PT039_P121_D11_S335,PT039,P121
PT039_P121_D12_S336,PT039,P121
PT039_P121_E01_S337,PT039,P121
PT039_P121_E02_S338,PT039,P121
PT039_P121_E03_S339,PT039,P121
PT039_P121_E04_S340,PT039,P121
PT039_P121_E05_S341,PT039,P121
PT084_P121_E06_S342,PT084,P121
PT084_P121_E07_S343,PT084,P121
PT084_P121_E08_S344,PT084,P121
PT084_P121_E09_S345,PT084,P121
PT084_P121_E10_S346,PT084,P121
PT084_P121_E11_S347,PT084,P121
PT084_P121_E12_S348,PT084,P121
PT084_P121_F01_S349,PT084,P121
PT084_P121_F02_S350,PT084,P121
PT084_P121_F03_S351,PT084,P121
PT084_P121_F04_S352,PT084,P121
PT084_P121_F05_S353,PT084,P121
PT084_P121_F06_S354,PT084,P121
PT084_P121_F07_S355,PT084,P121
PT084_P121_F08_S356,PT084,P121
PT084_P121_F09_S357,PT084,P121
PT084_P121_F10_S358,PT084,P121
PT084_P121_F11_S359,PT084,P121
PT084_P121_F12_S360,PT084,P121
PT084_P121_G01_S361,PT084,P121
PT084_P121_G02_S362,PT084,P121
PT084_P121_G03_S363,PT084,P121
PT084_P121_G04_S364,PT084,P121
PT084_P121_G05_S365,PT084,P121
PT084_P121_G06_S366,PT084,P121
PT084_P121_G07_S367,PT084,P121
PT084_P121_G08_S368,PT084,P121
PT084_P121_G09_S369,PT084,P121
PT084_P121_G10_S370,PT084,P121
PT084_P121_G11_S371,PT084,P121
PT084_P121_G12_S372,PT084,P121
PT084_P121_H01_S373,PT084,P121
PT084_P121_H02_S374,PT084,P121
PT084_P121_H03_S375,PT084,P121
PT084_P121_H04_S376,PT084,P121
PT084_P121_H05_S377,PT084,P121
PT084_P121_H06_S378,PT084,P121
PT084_P121_H07_S379,PT084,P121
PT084_P121_H08_S380,PT084,P121
PT084_P121_H09_S381,PT084,P121
PT084_P121_H10_S382,PT084,P121
PT084_P121_H11_S383,PT084,P121
PT084_P121_H12_S384,PT084,P121
PT039_P10_A01_S193,PT039,P10
PT039_P10_A02_S194,PT039,P10
PT039_P10_A03_S195,PT039,P10
PT039_P10_A04_S196,PT039,P10
PT039_P10_A05_S197,PT039,P10
PT039_P10_A06_S198,PT039,P10
PT039_P10_A07_S199,PT039,P10
PT039_P10_A08_S200,PT039,P10
PT039_P10_A09_S201,PT039,P10
PT039_P10_A10_S202,PT039,P10
PT039_P10_A11_S203,PT039,P10
PT039_P10_A12_S204,PT039,P10
PT039_P10_B01_S205,PT039,P10
PT039_P10_B02_S206,PT039,P10
PT039_P10_B03_S207,PT039,P10
PT039_P10_B04_S208,PT039,P10
PT039_P10_B05_S209,PT039,P10
PT039_P10_B06_S210,PT039,P10
PT039_P10_B07_S211,PT039,P10
PT039_P10_B08_S212,PT039,P10
PT039_P10_B09_S213,PT039,P10
PT039_P10_B10_S214,PT039,P10
PT039_P10_B11_S215,PT039,P10
PT039_P10_B12_S216,PT039,P10
PT039_P10_C01_S217,PT039,P10
PT039_P10_C02_S218,PT039,P10
PT039_P10_C03_S219,PT039,P10
PT039_P10_C04_S220,PT039,P10
PT039_P10_C05_S221,PT039,P10
PT039_P10_C06_S222,PT039,P10
PT039_P10_C07_S223,PT039,P10
PT039_P10_C08_S224,PT039,P10
PT039_P10_C09_S225,PT039,P10
PT039_P10_C10_S226,PT039,P10
PT039_P10_C11_S227,PT039,P10
PT039_P10_C12_S228,PT039,P10
PT039_P10_D01_S229,PT039,P10
PT039_P10_D02_S230,PT039,P10
PT039_P10_D03_S231,PT039,P10
PT039_P10_D04_S232,PT039,P10
PT039_P10_D05_S233,PT039,P10
PT039_P10_D06_S234,PT039,P10
PT039_P10_D07_S235,PT039,P10
PT039_P10_D08_S236,PT039,P10
PT039_P10_D09_S237,PT039,P10
PT039_P10_D10_S238,PT039,P10
PT039_P10_D11_S239,PT039,P10
PT039_P10_D12_S240,PT039,P10
PT039_P10_E01_S241,PT039,P10
PT039_P10_E02_S242,PT039,P10
PT039_P10_E03_S243,PT039,P10
PT039_P10_E04_S244,PT039,P10
PT039_P10_E05_S245,PT039,P10
PT039_P10_E06_S246,PT039,P10
PT039_P10_E07_S247,PT039,P10
PT039_P10_E08_S248,PT039,P10
PT039_P10_E09_S249,PT039,P10
PT039_P10_E10_S250,PT039,P10
PT039_P10_E11_S251,PT039,P10
PT039_P10_E12_S252,PT039,P10
PT039_P10_F01_S253,PT039,P10
PT039_P10_F02_S254,PT039,P10
PT039_P10_F03_S255,PT039,P10
PT039_P10_F04_S256,PT039,P10
PT039_P10_F05_S257,PT039,P10
PT039_P10_F06_S258,PT039,P10
PT039_P10_F07_S259,PT039,P10
PT039_P10_F08_S260,PT039,P10
PT039_P10_F09_S261,PT039,P10
PT039_P10_F10_S262,PT039,P10
PT039_P10_F11_S263,PT039,P10
PT039_P10_F12_S264,PT039,P10
PT039_P10_G01_S265,PT039,P10
PT039_P10_G02_S266,PT039,P10
PT039_P10_G03_S267,PT039,P10
PT039_P10_G04_S268,PT039,P10
PT039_P10_G05_S269,PT039,P10
PT039_P10_G06_S270,PT039,P10
PT039_P10_G07_S271,PT039,P10
PT039_P10_G08_S272,PT039,P10
PT039_P10_G09_S273,PT039,P10
PT039_P10_G10_S274,PT039,P10
PT039_P10_G11_S275,PT039,P10
PT039_P10_G12_S276,PT039,P10
PT039_P10_H01_S277,PT039,P10
PT039_P10_H02_S278,PT039,P10
PT039_P10_H03_S279,PT039,P10
PT039_P10_H04_S280,PT039,P10
PT039_P10_H05_S281,PT039,P10
PT039_P10_H06_S282,PT039,P10
PT039_P10_H07_S283,PT039,P10
PT039_P10_H08_S284,PT039,P10
PT039_P10_H09_S285,PT039,P10
PT039_P10_H10_S286,PT039,P10
PT039_P10_H11_S287,PT039,P10
PT039_P10_H12_S288,PT039,P10
