cell_id,patient_id,sample_group,n_genes_by_counts,total_counts,total_counts_mt,pct_counts_mt,cluster,cell_type
PT089_P1_A01,PT089,P1,3556,2110883.3499999996,0.0,0.0,12,Unknown
PT089_P1_A02,PT089,P1,3372,1945635.6099999999,0.0,0.0,12,Unknown
PT089_P1_A03,PT089,P1,2578,1524090.59,0.0,0.0,12,Unknown
PT089_P1_A04,PT089,P1,2260,427386.53,0.0,0.0,14,Unknown
PT089_P1_A05,PT089,P1,2659,1511151.4,0.0,0.0,14,Unknown
PT089_P1_A06,PT089,P1,3181,1721230.63,0.0,0.0,12,Unknown
PT089_P1_A07,PT089,P1,3681,1834365.55,0.0,0.0,12,Unknown
PT089_P1_A08,PT089,P1,3591,1303993.44,0.0,0.0,14,Unknown
PT089_P1_A09,PT089,P1,2742,1563195.0899999999,0.0,0.0,12,Unknown
PT089_P1_A10,PT089,P1,2675,1636032.2200000002,0.0,0.0,12,Unknown
PT089_P1_A11,PT089,P1,3169,1833238.31,0.0,0.0,12,Unknown
PT089_P1_A12,PT089,P1,4300,2235989.6599999997,0.0,0.0,12,Unknown
PT089_P1_B01,PT089,P1,3519,1908720.54,0.0,0.0,12,Unknown
PT089_P1_B02,PT089,P1,2771,1696163.32,0.0,0.0,12,Unknown
PT089_P1_B03,PT089,P1,3096,1936183.3,0.0,0.0,14,Unknown
PT089_P1_B04,PT089,P1,3071,1775004.88,0.0,0.0,12,Unknown
PT089_P1_B05,PT089,P1,560,36027.56999999999,0.0,0.0,0,Unknown
PT089_P1_B06,PT089,P1,2397,1332092.5699999998,0.0,0.0,12,Unknown
PT089_P1_B07,PT089,P1,2755,1587081.48,0.0,0.0,12,Unknown
PT089_P1_B08,PT089,P1,5136,2054623.11,0.0,0.0,12,Unknown
PT089_P1_B09,PT089,P1,1785,859743.2599999999,0.0,0.0,14,Unknown
PT089_P1_B10,PT089,P1,220,9028.21,0.0,0.0,0,Unknown
PT089_P1_B11,PT089,P1,2534,1168951.3800000001,0.0,0.0,12,Unknown
PT089_P1_B12,PT089,P1,3631,1792559.0,0.0,0.0,12,Unknown
PT089_P1_C01,PT089,P1,2187,1213213.1099999999,0.0,0.0,12,Unknown
PT089_P1_C02,PT089,P1,3664,2365365.31,0.0,0.0,14,Unknown
PT089_P1_C03,PT089,P1,3923,1842523.6099999999,0.0,0.0,12,Unknown
PT089_P1_C04,PT089,P1,2937,1765772.85,0.0,0.0,12,Unknown
PT089_P1_C05,PT089,P1,2913,2032643.12,0.0,0.0,14,Unknown
PT089_P1_C06,PT089,P1,3528,2426417.5,0.0,0.0,14,Unknown
PT089_P1_C07,PT089,P1,3277,2738367.96,0.0,0.0,14,Unknown
PT089_P1_C08,PT089,P1,1831,309297.63,0.0,0.0,14,Unknown
PT089_P1_C09,PT089,P1,4458,2182364.63,0.0,0.0,14,Unknown
PT089_P1_C10,PT089,P1,3173,1616816.86,0.0,0.0,12,Unknown
PT089_P1_C11,PT089,P1,3158,2020253.8,0.0,0.0,14,Unknown
PT089_P1_C12,PT089,P1,651,322388.72,0.0,0.0,0,Unknown
PT089_P1_D01,PT089,P1,3159,2251336.71,0.0,0.0,14,Unknown
PT089_P1_D02,PT089,P1,2789,1448928.6099999999,0.0,0.0,12,Unknown
PT089_P1_D03,PT089,P1,1540,474606.4,0.0,0.0,3,Unknown
PT089_P1_D04,PT089,P1,2693,1660306.01,0.0,0.0,14,Unknown
PT089_P1_D05,PT089,P1,2037,893106.0599999999,0.0,0.0,14,Unknown
PT089_P1_D06,PT089,P1,2061,1120645.3599999999,0.0,0.0,14,Unknown
PT089_P1_D07,PT089,P1,2778,1843743.27,0.0,0.0,14,Unknown
PT089_P1_D08,PT089,P1,3107,2235525.71,0.0,0.0,14,Unknown
PT089_P1_D09,PT089,P1,3442,2009413.28,0.0,0.0,2,Unknown
PT089_P3_A01_S289,PT089,P3,1244,17852.97,0.0,0.0,1,Unknown
PT089_P3_A02_S290,PT089,P3,578,39186.72,0.0,0.0,1,Unknown
PT089_P3_A03_S291,PT089,P3,737,8762.49,0.0,0.0,1,Unknown
PT089_P3_A04_S292,PT089,P3,1100,23079.24,0.0,0.0,1,Unknown
PT089_P3_A05_S293,PT089,P3,663,6735.650000000001,0.0,0.0,1,Unknown
PT089_P3_A06_S294,PT089,P3,207,847.01,0.0,0.0,1,Unknown
PT089_P3_A07_S295,PT089,P3,813,15763.2,0.0,0.0,1,Unknown
PT089_P3_A08_S296,PT089,P3,450,2201.47,0.0,0.0,1,Unknown
PT089_P3_A09_S297,PT089,P3,913,20940.129999999997,0.0,0.0,1,Unknown
PT089_P3_A11_S299,PT089,P3,689,5881.98,0.0,0.0,1,Unknown
PT089_P3_A12_S300,PT089,P3,323,15565.73,0.0,0.0,1,Unknown
PT089_P3_B01_S301,PT089,P3,789,12538.93,0.0,0.0,1,Unknown
PT089_P3_B02_S302,PT089,P3,889,11222.47,0.0,0.0,1,Unknown
PT089_P3_B03_S303,PT089,P3,861,19929.53,0.0,0.0,1,Unknown
PT089_P3_B04_S304,PT089,P3,458,3281.4900000000002,0.0,0.0,1,Unknown
PT089_P3_B05_S305,PT089,P3,813,6076.05,0.0,0.0,1,Unknown
PT089_P3_B06_S306,PT089,P3,896,18919.230000000003,0.0,0.0,1,Unknown
PT089_P3_B07_S307,PT089,P3,733,7811.73,0.0,0.0,1,Unknown
PT089_P3_B08_S308,PT089,P3,1047,6677.93,0.0,0.0,1,Unknown
PT089_P3_B09_S309,PT089,P3,505,6521.6900000000005,0.0,0.0,1,Unknown
PT089_P3_B10_S310,PT089,P3,653,3628.94,0.0,0.0,1,Unknown
PT089_P3_B11_S311,PT089,P3,694,25236.93,0.0,0.0,1,Unknown
PT089_P3_B12_S312,PT089,P3,1035,28565.5,0.0,0.0,1,Unknown
PT089_P3_C01_S313,PT089,P3,629,6449.46,0.0,0.0,1,Unknown
PT089_P3_C02_S314,PT089,P3,878,7800.59,0.0,0.0,1,Unknown
PT089_P3_C03_S315,PT089,P3,462,7434.790000000001,0.0,0.0,1,Unknown
PT089_P3_C04_S316,PT089,P3,1021,9379.66,0.0,0.0,1,Unknown
PT089_P3_C05_S317,PT089,P3,388,1737.11,0.0,0.0,1,Unknown
PT089_P3_C06_S318,PT089,P3,308,6632.1,0.0,0.0,1,Unknown
PT089_P3_C07_S319,PT089,P3,468,7952.42,0.0,0.0,1,Unknown
PT089_P3_C08_S320,PT089,P3,1163,15722.81,0.0,0.0,1,Unknown
PT089_P3_C09_S321,PT089,P3,861,9811.14,0.0,0.0,1,Unknown
PT089_P3_C10_S322,PT089,P3,528,3966.88,0.0,0.0,1,Unknown
PT089_P3_C11_S323,PT089,P3,928,8678.55,0.0,0.0,1,Unknown
PT089_P3_C12_S324,PT089,P3,1079,21469.82,0.0,0.0,1,Unknown
PT089_P3_D01_S325,PT089,P3,243,1053.9,0.0,0.0,1,Unknown
PT089_P3_D04_S328,PT089,P3,551,2857.4300000000003,0.0,0.0,1,Unknown
PT089_P3_D06_S330,PT089,P3,395,5269.46,0.0,0.0,1,Unknown
PT089_P3_D09_S333,PT089,P3,203,1464.72,0.0,0.0,1,Unknown
PT089_P3_D12_S336,PT089,P3,202,758.47,0.0,0.0,1,Unknown
PT089_P3_E01_S337,PT089,P3,881,6202.700000000001,0.0,0.0,1,Unknown
PT089_P3_E02_S338,PT089,P3,391,1947.2099999999998,0.0,0.0,1,Unknown
PT089_P3_E03_S339,PT089,P3,277,1371.79,0.0,0.0,1,Unknown
PT089_P3_E04_S340,PT089,P3,1022,5487.92,0.0,0.0,1,Unknown
PT089_P3_E05_S341,PT089,P3,1451,14890.52,0.0,0.0,1,Unknown
PT089_P3_E06_S342,PT089,P3,772,8343.970000000001,0.0,0.0,1,Unknown
PT089_P3_E07_S343,PT089,P3,245,855.8899999999999,0.0,0.0,1,Unknown
PT089_P3_E08_S344,PT089,P3,1286,2736.92,0.0,0.0,1,Unknown
PT089_P3_E09_S345,PT089,P3,769,3810.2799999999997,0.0,0.0,1,Unknown
PT089_P3_E10_S346,PT089,P3,885,42225.73,0.0,0.0,1,Unknown
PT089_P3_E12_S348,PT089,P3,1012,38153.79,0.0,0.0,1,Unknown
PT089_P3_F01_S349,PT089,P3,387,1836.13,0.0,0.0,1,Unknown
PT089_P3_F02_S350,PT089,P3,893,17722.0,0.0,0.0,1,Unknown
PT089_P3_F03_S351,PT089,P3,741,5391.71,0.0,0.0,1,Unknown
PT089_P3_F04_S352,PT089,P3,673,19049.129999999997,0.0,0.0,1,Unknown
PT089_P3_F05_S353,PT089,P3,247,1153.48,0.0,0.0,1,Unknown
PT089_P3_F06_S354,PT089,P3,325,7312.18,0.0,0.0,1,Unknown
PT089_P3_F07_S355,PT089,P3,475,2680.96,0.0,0.0,1,Unknown
PT089_P3_F08_S356,PT089,P3,213,1102.8799999999999,0.0,0.0,1,Unknown
PT089_P3_F09_S357,PT089,P3,532,3550.41,0.0,0.0,1,Unknown
PT089_P3_F10_S358,PT089,P3,661,8329.26,0.0,0.0,1,Unknown
PT089_P3_F11_S359,PT089,P3,1251,31361.34,0.0,0.0,1,Unknown
PT089_P3_F12_S360,PT089,P3,1221,16061.490000000002,0.0,0.0,1,Unknown
PT089_P3_G01_S361,PT089,P3,435,9160.810000000001,0.0,0.0,1,Unknown
PT089_P3_G02_S362,PT089,P3,775,14483.51,0.0,0.0,1,Unknown
PT089_P3_G03_S363,PT089,P3,752,6736.93,0.0,0.0,1,Unknown
PT089_P3_G04_S364,PT089,P3,605,4193.15,0.0,0.0,1,Unknown
PT089_P3_G05_S365,PT089,P3,573,3815.72,0.0,0.0,1,Unknown
PT089_P3_G06_S366,PT089,P3,737,5987.72,0.0,0.0,1,Unknown
PT089_P3_G07_S367,PT089,P3,530,7504.1900000000005,0.0,0.0,1,Unknown
PT089_P3_G08_S368,PT089,P3,387,2731.05,0.0,0.0,1,Unknown
PT089_P3_G09_S369,PT089,P3,991,11375.96,0.0,0.0,1,Unknown
PT089_P3_G10_S370,PT089,P3,1135,25985.91,0.0,0.0,1,Unknown
PT089_P3_G11_S371,PT089,P3,1150,18895.14,0.0,0.0,1,Unknown
PT089_P3_G12_S372,PT089,P3,754,10126.17,0.0,0.0,1,Unknown
PT089_P3_H01_S373,PT089,P3,871,19695.019999999997,0.0,0.0,1,Unknown
PT089_P3_H02_S374,PT089,P3,788,21327.510000000002,0.0,0.0,1,Unknown
PT089_P3_H03_S375,PT089,P3,504,10022.25,0.0,0.0,1,Unknown
PT089_P3_H05_S377,PT089,P3,359,1156.13,0.0,0.0,1,Unknown
PT089_P3_H06_S378,PT089,P3,282,6095.290000000001,0.0,0.0,1,Unknown
PT089_P3_H07_S379,PT089,P3,681,13834.560000000001,0.0,0.0,1,Unknown
PT089_P3_H08_S380,PT089,P3,818,11074.36,0.0,0.0,1,Unknown
PT089_P3_H09_S381,PT089,P3,864,20796.440000000002,0.0,0.0,1,Unknown
PT089_P3_H11_S383,PT089,P3,1210,29493.34,0.0,0.0,1,Unknown
PT089_P3_H12_S384,PT089,P3,1063,14305.16,0.0,0.0,1,Unknown
PT089_P7_A01_S1,PT089,P7,2464,574820.08,0.0,0.0,9,Unknown
PT089_P7_A02_S2,PT089,P7,2728,315296.06,0.0,0.0,6,Unknown
PT089_P7_A03_S3,PT089,P7,4615,1391821.22,0.0,0.0,11,Unknown
PT089_P7_A04_S4,PT089,P7,4761,1516178.01,0.0,0.0,5,Unknown
PT089_P7_A05_S5,PT089,P7,1776,647062.3900000001,0.0,0.0,7,Unknown
PT089_P7_A06_S6,PT089,P7,3680,1302957.23,0.0,0.0,9,Unknown
PT089_P7_A07_S7,PT089,P7,4909,1738039.0699999998,0.0,0.0,5,Unknown
PT089_P7_A08_S8,PT089,P7,4621,1887721.12,0.0,0.0,5,Unknown
PT089_P7_A09_S9,PT089,P7,3321,1258753.56,0.0,0.0,5,Unknown
PT089_P7_A10_S10,PT089,P7,2089,536601.92,0.0,0.0,0,Unknown
PT089_P7_A11_S11,PT089,P7,2379,450604.27,0.0,0.0,6,Unknown
PT089_P7_A12_S12,PT089,P7,2876,977644.2200000001,0.0,0.0,5,Unknown
PT089_P7_B01_S13,PT089,P7,3146,872457.6000000001,0.0,0.0,6,Unknown
PT089_P7_B02_S14,PT089,P7,3331,398529.51,0.0,0.0,9,Unknown
PT089_P7_B03_S15,PT089,P7,3809,75716.9,0.0,0.0,5,Unknown
PT089_P7_B04_S16,PT089,P7,2293,506522.06,0.0,0.0,6,Unknown
PT089_P7_B05_S17,PT089,P7,3856,1011221.36,0.0,0.0,6,Unknown
PT089_P7_B06_S18,PT089,P7,4678,92582.22,0.0,0.0,5,Unknown
PT089_P7_B07_S19,PT089,P7,1913,6080.66,0.0,0.0,5,Unknown
PT089_P7_B08_S20,PT089,P7,3090,946346.74,0.0,0.0,6,Unknown
PT089_P7_B09_S21,PT089,P7,3843,1210565.33,0.0,0.0,6,Unknown
PT089_P7_B10_S22,PT089,P7,2712,834698.15,0.0,0.0,6,Unknown
PT089_P7_B11_S23,PT089,P7,4928,1063025.52,0.0,0.0,5,Unknown
PT089_P7_B12_S24,PT089,P7,2106,472398.05999999994,0.0,0.0,6,Unknown
PT089_P7_C01_S25,PT089,P7,3194,956465.41,0.0,0.0,6,Unknown
PT089_P7_C02_S26,PT089,P7,3140,539755.25,0.0,0.0,5,Unknown
PT089_P7_C03_S27,PT089,P7,3350,1071230.71,0.0,0.0,11,Unknown
PT089_P7_C04_S28,PT089,P7,3176,947666.46,0.0,0.0,6,Unknown
PT089_P7_C05_S29,PT089,P7,2208,591095.46,0.0,0.0,6,Unknown
PT089_P7_C06_S30,PT089,P7,2751,844552.1599999999,0.0,0.0,6,Unknown
PT089_P7_C07_S31,PT089,P7,2583,788756.59,0.0,0.0,9,Unknown
PT089_P7_C08_S32,PT089,P7,3340,1095348.6800000002,0.0,0.0,6,Unknown
PT089_P7_C09_S33,PT089,P7,3849,1162836.61,0.0,0.0,6,Unknown
PT089_P7_C10_S34,PT089,P7,1201,245831.41999999998,0.0,0.0,0,Unknown
PT089_P7_C11_S35,PT089,P7,3413,715482.61,0.0,0.0,6,Unknown
PT089_P7_C12_S36,PT089,P7,2912,809816.15,0.0,0.0,9,Unknown
PT089_P7_D01_S37,PT089,P7,1448,68914.66,0.0,0.0,0,Unknown
PT089_P7_D02_S38,PT089,P7,4200,356713.08,0.0,0.0,11,Unknown
PT089_P7_D03_S39,PT089,P7,4804,1214857.0100000002,0.0,0.0,5,Unknown
PT089_P7_D05_S41,PT089,P7,3357,984126.79,0.0,0.0,5,Unknown
PT089_P7_D06_S42,PT089,P7,1309,41035.119999999995,0.0,0.0,6,Unknown
PT089_P7_D07_S43,PT089,P7,1628,405911.13999999996,0.0,0.0,0,Unknown
PT089_P7_D08_S44,PT089,P7,2653,783659.99,0.0,0.0,11,Unknown
PT089_P7_D09_S45,PT089,P7,3133,1039938.2499999999,0.0,0.0,9,Unknown
PT089_P7_D10_S46,PT089,P7,4365,1254056.25,0.0,0.0,11,Unknown
PT089_P7_D11_S47,PT089,P7,3530,757150.15,0.0,0.0,6,Unknown
PT089_P7_D12_S48,PT089,P7,1190,292583.6,0.0,0.0,0,Unknown
PT089_P7_E01_S49,PT089,P7,2752,604591.8300000001,0.0,0.0,6,Unknown
PT089_P7_E02_S50,PT089,P7,3319,376903.95,0.0,0.0,11,Unknown
PT089_P7_E03_S51,PT089,P7,2983,836931.3899999999,0.0,0.0,6,Unknown
PT089_P7_E04_S52,PT089,P7,2980,722240.95,0.0,0.0,6,Unknown
PT089_P7_E05_S53,PT089,P7,5071,1436578.3800000001,0.0,0.0,5,Unknown
PT089_P7_E06_S54,PT089,P7,2483,731421.4000000001,0.0,0.0,11,Unknown
PT089_P7_E07_S55,PT089,P7,2403,652892.18,0.0,0.0,5,Unknown
PT089_P7_E08_S56,PT089,P7,435,1631.8199999999997,0.0,0.0,1,Unknown
PT089_P7_E09_S57,PT089,P7,2143,593362.29,0.0,0.0,7,Unknown
PT089_P7_E11_S59,PT089,P7,1541,130761.48000000001,0.0,0.0,0,Unknown
PT089_P7_E12_S60,PT089,P7,2776,978079.63,0.0,0.0,9,Unknown
PT089_P7_F01_S61,PT089,P7,574,1060.0,0.0,0.0,6,Unknown
PT089_P7_F02_S62,PT089,P7,3605,187402.78,0.0,0.0,5,Unknown
PT089_P7_F03_S63,PT089,P7,6147,1638408.23,0.0,0.0,5,Unknown
PT089_P7_F04_S64,PT089,P7,4199,1311448.26,0.0,0.0,5,Unknown
PT089_P7_F05_S65,PT089,P7,3213,986057.98,0.0,0.0,6,Unknown
PT089_P7_F06_S66,PT089,P7,4501,1397296.3499999999,0.0,0.0,11,Unknown
PT089_P7_F07_S67,PT089,P7,550,106844.09,0.0,0.0,0,Unknown
PT089_P7_F08_S68,PT089,P7,2020,629206.3800000001,0.0,0.0,0,Unknown
PT089_P7_F09_S69,PT089,P7,1416,289402.06999999995,0.0,0.0,0,Unknown
PT089_P7_F10_S70,PT089,P7,3298,938820.45,0.0,0.0,5,Unknown
PT089_P7_F11_S71,PT089,P7,3103,787169.77,0.0,0.0,5,Unknown
PT089_P7_F12_S72,PT089,P7,1100,112021.59,0.0,0.0,0,Unknown
PT089_P7_G01_S73,PT089,P7,3932,1702642.86,0.0,0.0,5,Unknown
PT089_P7_G02_S74,PT089,P7,4024,816084.95,0.0,0.0,5,Unknown
PT089_P7_G03_S75,PT089,P7,4411,1387741.78,0.0,0.0,5,Unknown
PT089_P7_G04_S76,PT089,P7,2601,841886.1100000001,0.0,0.0,9,Unknown
PT089_P7_G05_S77,PT089,P7,3766,779663.83,0.0,0.0,11,Unknown
PT089_P7_G06_S78,PT089,P7,3631,1210639.5,0.0,0.0,9,Unknown
PT089_P7_G07_S79,PT089,P7,2679,931399.21,0.0,0.0,9,Unknown
PT089_P7_G08_S80,PT089,P7,2835,847600.13,0.0,0.0,9,Unknown
PT089_P7_G09_S81,PT089,P7,4395,1448861.0499999998,0.0,0.0,11,Unknown
PT089_P7_G10_S82,PT089,P7,1754,422511.43,0.0,0.0,0,Unknown
PT089_P7_G11_S83,PT089,P7,2547,492674.93,0.0,0.0,9,Unknown
PT089_P7_G12_S84,PT089,P7,2933,928264.6200000001,0.0,0.0,9,Unknown
PT089_P7_H03_S87,PT089,P7,377,498.0,0.0,0.0,0,Unknown
PT089_P9_A01_S97,PT089,P9,3969,604980.6000000001,0.0,0.0,5,Unknown
PT089_P9_A02_S98,PT089,P9,4174,845012.97,0.0,0.0,11,Unknown
PT089_P9_A03_S99,PT089,P9,3531,518835.42,0.0,0.0,11,Unknown
PT089_P9_A04_S100,PT089,P9,5030,900435.47,0.0,0.0,5,Unknown
PT089_P9_A05_S101,PT089,P9,3700,689453.98,0.0,0.0,6,Unknown
PT089_P9_A06_S102,PT089,P9,3367,809893.85,0.0,0.0,6,Unknown
PT089_P9_A07_S103,PT089,P9,4492,887050.22,0.0,0.0,9,Unknown
PT089_P9_A08_S104,PT089,P9,3730,454197.62,0.0,0.0,11,Unknown
PT089_P9_A09_S105,PT089,P9,4095,604485.47,0.0,0.0,11,Unknown
PT089_P9_A10_S106,PT089,P9,4456,765759.52,0.0,0.0,5,Unknown
PT089_P9_A11_S107,PT089,P9,3597,536078.16,0.0,0.0,6,Unknown
PT089_P9_A12_S108,PT089,P9,5962,408424.22000000003,0.0,0.0,9,Unknown
PT089_P9_B01_S109,PT089,P9,2592,713914.79,0.0,0.0,11,Unknown
PT089_P9_B02_S110,PT089,P9,3108,713565.96,0.0,0.0,9,Unknown
PT089_P9_B03_S111,PT089,P9,3396,700347.61,0.0,0.0,6,Unknown
PT089_P9_B04_S112,PT089,P9,3855,993339.5700000001,0.0,0.0,5,Unknown
PT089_P9_B05_S113,PT089,P9,3692,675786.64,0.0,0.0,5,Unknown
PT089_P9_B06_S114,PT089,P9,5710,897768.24,0.0,0.0,5,Unknown
PT089_P9_B07_S115,PT089,P9,3557,636402.04,0.0,0.0,6,Unknown
PT089_P9_B08_S116,PT089,P9,3058,411300.08,0.0,0.0,9,Unknown
PT089_P9_B09_S117,PT089,P9,4588,715852.78,0.0,0.0,5,Unknown
PT089_P9_B10_S118,PT089,P9,4229,567673.6000000001,0.0,0.0,11,Unknown
PT089_P9_B11_S119,PT089,P9,5044,566908.98,0.0,0.0,11,Unknown
PT089_P9_C01_S121,PT089,P9,1733,143566.61000000002,0.0,0.0,13,Unknown
PT089_P9_C02_S122,PT089,P9,4376,843206.49,0.0,0.0,5,Unknown
PT089_P9_C03_S123,PT089,P9,3861,681525.61,0.0,0.0,5,Unknown
PT089_P9_C04_S124,PT089,P9,3150,563315.28,0.0,0.0,6,Unknown
PT089_P9_C05_S125,PT089,P9,4728,500402.05999999994,0.0,0.0,5,Unknown
PT089_P9_C06_S126,PT089,P9,4447,690352.55,0.0,0.0,5,Unknown
PT089_P9_C07_S127,PT089,P9,4247,590310.78,0.0,0.0,11,Unknown
PT089_P9_C08_S128,PT089,P9,3694,601146.22,0.0,0.0,9,Unknown
PT089_P9_C09_S129,PT089,P9,4553,654774.1,0.0,0.0,5,Unknown
PT089_P9_C10_S130,PT089,P9,4842,533215.39,0.0,0.0,11,Unknown
PT089_P9_C11_S131,PT089,P9,2365,175013.77,0.0,0.0,7,Unknown
PT089_P9_C12_S132,PT089,P9,3600,259365.12999999998,0.0,0.0,5,Unknown
PT089_P9_D01_S133,PT089,P9,2740,623309.46,0.0,0.0,7,Unknown
PT089_P9_D02_S134,PT089,P9,4296,854585.8599999999,0.0,0.0,5,Unknown
PT089_P9_D03_S135,PT089,P9,2580,434170.56,0.0,0.0,6,Unknown
PT089_P9_D04_S136,PT089,P9,3938,428419.80000000005,0.0,0.0,9,Unknown
PT089_P9_D05_S137,PT089,P9,4323,579979.15,0.0,0.0,11,Unknown
PT089_P9_D06_S138,PT089,P9,4489,654322.46,0.0,0.0,11,Unknown
PT089_P9_D07_S139,PT089,P9,3747,587327.35,0.0,0.0,5,Unknown
PT089_P9_D08_S140,PT089,P9,3876,611760.8300000001,0.0,0.0,6,Unknown
PT089_P9_D09_S141,PT089,P9,4366,619194.23,0.0,0.0,9,Unknown
PT089_P9_D10_S142,PT089,P9,5333,739658.99,0.0,0.0,5,Unknown
PT089_P9_D11_S143,PT089,P9,3152,244799.08000000002,0.0,0.0,6,Unknown
PT089_P9_D12_S144,PT089,P9,685,21548.190000000002,0.0,0.0,1,Unknown
PT089_P9_E01_S145,PT089,P9,4688,690069.78,0.0,0.0,11,Unknown
PT089_P9_E02_S146,PT089,P9,2698,721885.19,0.0,0.0,9,Unknown
PT089_P9_E03_S147,PT089,P9,4948,859919.73,0.0,0.0,5,Unknown
PT089_P9_E04_S148,PT089,P9,3861,613548.64,0.0,0.0,5,Unknown
PT089_P9_E05_S149,PT089,P9,3862,678604.5900000001,0.0,0.0,9,Unknown
PT089_P9_E06_S150,PT089,P9,4071,529611.4199999999,0.0,0.0,5,Unknown
PT089_P9_E07_S151,PT089,P9,2883,496613.12,0.0,0.0,6,Unknown
PT089_P9_E08_S152,PT089,P9,3683,493793.12000000005,0.0,0.0,6,Unknown
PT089_P9_E09_S153,PT089,P9,3493,543970.8500000001,0.0,0.0,9,Unknown
PT089_P9_E10_S154,PT089,P9,4923,660746.34,0.0,0.0,11,Unknown
PT089_P9_E11_S155,PT089,P9,5926,691578.2000000001,0.0,0.0,5,Unknown
PT089_P9_E12_S156,PT089,P9,4369,383684.02,0.0,0.0,11,Unknown
PT089_P9_F01_S157,PT089,P9,1982,469032.80000000005,0.0,0.0,9,Unknown
PT089_P9_F02_S158,PT089,P9,3420,603331.26,0.0,0.0,5,Unknown
PT089_P9_F03_S159,PT089,P9,3881,543203.6000000001,0.0,0.0,11,Unknown
PT089_P9_F04_S160,PT089,P9,2669,559756.6699999999,0.0,0.0,5,Unknown
PT089_P9_F05_S161,PT089,P9,3999,432281.63,0.0,0.0,11,Unknown
PT089_P9_F06_S162,PT089,P9,4903,702505.6699999999,0.0,0.0,11,Unknown
PT089_P9_F07_S163,PT089,P9,3291,577845.51,0.0,0.0,6,Unknown
PT089_P9_F08_S164,PT089,P9,3341,411578.78,0.0,0.0,6,Unknown
PT089_P9_F09_S165,PT089,P9,6223,677262.38,0.0,0.0,5,Unknown
PT089_P9_F10_S166,PT089,P9,1033,17286.639999999996,0.0,0.0,1,Unknown
PT089_P9_F11_S167,PT089,P9,3065,245550.34000000003,0.0,0.0,6,Unknown
PT089_P9_G01_S169,PT089,P9,2912,611806.36,0.0,0.0,11,Unknown
PT089_P9_G02_S170,PT089,P9,2503,655614.97,0.0,0.0,9,Unknown
PT089_P9_G03_S171,PT089,P9,4090,682057.9099999999,0.0,0.0,11,Unknown
PT089_P9_G04_S172,PT089,P9,3635,802146.87,0.0,0.0,11,Unknown
PT089_P9_G05_S173,PT089,P9,3016,595894.3999999999,0.0,0.0,5,Unknown
PT089_P9_G06_S174,PT089,P9,3830,929639.0900000001,0.0,0.0,5,Unknown
PT089_P9_G07_S175,PT089,P9,3591,878189.12,0.0,0.0,9,Unknown
PT089_P9_G08_S176,PT089,P9,4358,602654.75,0.0,0.0,5,Unknown
PT089_P9_G09_S177,PT089,P9,4977,726994.1200000001,0.0,0.0,5,Unknown
PT089_P9_G10_S178,PT089,P9,4232,671826.16,0.0,0.0,5,Unknown
PT089_P9_G11_S179,PT089,P9,967,63213.59,0.0,0.0,0,Unknown
PT089_P9_G12_S180,PT089,P9,3323,420720.60000000003,0.0,0.0,6,Unknown
PT089_P9_H01_S181,PT089,P9,2884,502519.37,0.0,0.0,9,Unknown
PT089_P9_H02_S182,PT089,P9,4454,1061414.79,0.0,0.0,11,Unknown
PT089_P9_H03_S183,PT089,P9,2530,709521.23,0.0,0.0,5,Unknown
PT089_P9_H04_S184,PT089,P9,3330,1107267.1099999999,0.0,0.0,11,Unknown
PT089_P9_H05_S185,PT089,P9,3854,503685.27999999997,0.0,0.0,11,Unknown
PT089_P9_H06_S186,PT089,P9,3858,797787.21,0.0,0.0,5,Unknown
PT089_P9_H07_S187,PT089,P9,2273,102236.99,0.0,0.0,13,Unknown
PT089_P9_H08_S188,PT089,P9,3408,478956.53,0.0,0.0,6,Unknown
PT089_P9_H09_S189,PT089,P9,4117,597524.41,0.0,0.0,5,Unknown
PT089_P9_H10_S190,PT089,P9,4581,610928.0700000001,0.0,0.0,11,Unknown
PT039_P11_A01_S1,PT039,P11,1293,91726.16,0.0,0.0,0,Unknown
PT039_P11_A02_S2,PT039,P11,4644,514366.29999999993,0.0,0.0,4,Unknown
PT039_P11_A03_S3,PT039,P11,5263,1034506.81,0.0,0.0,4,Unknown
PT039_P11_A04_S4,PT039,P11,4839,1069443.3,0.0,0.0,4,Unknown
PT039_P11_A06_S6,PT039,P11,4015,1261576.0299999998,0.0,0.0,7,Unknown
PT039_P11_A09_S9,PT039,P11,261,20197.809999999998,0.0,0.0,0,Unknown
PT039_P11_A11_S11,PT039,P11,359,563.4200000000001,0.0,0.0,0,Unknown
PT039_P11_A12_S12,PT039,P11,2266,312485.43,0.0,0.0,0,Unknown
PT039_P11_B02_S14,PT039,P11,3933,410870.15,0.0,0.0,4,Unknown
PT039_P11_B03_S15,PT039,P11,260,1388.9099999999999,0.0,0.0,1,Unknown
PT039_P11_B04_S16,PT039,P11,5059,1143811.48,0.0,0.0,4,Unknown
PT039_P11_B05_S17,PT039,P11,3116,370039.83999999997,0.0,0.0,0,Unknown
PT039_P11_B06_S18,PT039,P11,1535,348403.72,0.0,0.0,7,Unknown
PT039_P11_B07_S19,PT039,P11,3573,416121.6,0.0,0.0,0,Unknown
PT039_P11_B08_S20,PT039,P11,5027,1473548.4500000002,0.0,0.0,4,Unknown
PT039_P11_B09_S21,PT039,P11,1927,565271.79,0.0,0.0,7,Unknown
PT039_P11_B10_S22,PT039,P11,2157,730152.3499999999,0.0,0.0,7,Unknown
PT039_P11_B11_S23,PT039,P11,1170,28807.97,0.0,0.0,1,Unknown
PT039_P11_B12_S24,PT039,P11,568,36607.06999999999,0.0,0.0,1,Unknown
PT039_P11_C03_S27,PT039,P11,4074,802231.32,0.0,0.0,4,Unknown
PT039_P11_C05_S29,PT039,P11,5845,1543492.05,0.0,0.0,4,Unknown
PT039_P11_C06_S30,PT039,P11,2817,320014.9,0.0,0.0,0,Unknown
PT039_P11_C07_S31,PT039,P11,3583,799771.2,0.0,0.0,4,Unknown
PT039_P11_C09_S33,PT039,P11,2784,352204.88,0.0,0.0,0,Unknown
PT039_P11_C11_S35,PT039,P11,5213,1107755.7000000002,0.0,0.0,4,Unknown
PT039_P11_C12_S36,PT039,P11,3408,1367047.6099999999,0.0,0.0,4,Unknown
PT039_P11_D01_S37,PT039,P11,3286,962922.83,0.0,0.0,4,Unknown
PT039_P11_D04_S40,PT039,P11,4170,1051047.93,0.0,0.0,4,Unknown
PT039_P11_D05_S41,PT039,P11,5337,1057063.6099999999,0.0,0.0,4,Unknown
PT039_P11_D07_S43,PT039,P11,2312,121130.43,0.0,0.0,0,Unknown
PT039_P11_D08_S44,PT039,P11,5088,1218325.72,0.0,0.0,4,Unknown
PT039_P11_D10_S46,PT039,P11,5338,969884.7,0.0,0.0,4,Unknown
PT039_P11_D12_S48,PT039,P11,1819,502733.98,0.0,0.0,7,Unknown
PT039_P11_E01_S49,PT039,P11,4506,1581223.41,0.0,0.0,4,Unknown
PT039_P11_E02_S50,PT039,P11,2409,359760.11,0.0,0.0,7,Unknown
PT039_P11_E03_S51,PT039,P11,465,32730.560000000005,0.0,0.0,0,Unknown
PT039_P11_E04_S52,PT039,P11,2789,638108.25,0.0,0.0,0,Unknown
PT039_P11_E05_S53,PT039,P11,5042,1255766.89,0.0,0.0,4,Unknown
PT039_P11_E06_S54,PT039,P11,6045,1367815.54,0.0,0.0,4,Unknown
PT039_P11_E09_S57,PT039,P11,5536,1269743.12,0.0,0.0,4,Unknown
PT039_P11_E10_S58,PT039,P11,344,11394.320000000002,0.0,0.0,1,Unknown
PT039_P11_E11_S59,PT039,P11,3806,219530.53000000003,0.0,0.0,4,Unknown
PT039_P11_E12_S60,PT039,P11,945,2004.98,0.0,0.0,0,Unknown
PT039_P11_F01_S61,PT039,P11,729,205552.53999999998,0.0,0.0,0,Unknown
PT039_P11_F02_S62,PT039,P11,718,11387.45,0.0,0.0,1,Unknown
PT039_P11_F03_S63,PT039,P11,3312,1262509.9000000001,0.0,0.0,7,Unknown
PT039_P11_F06_S66,PT039,P11,5371,1126318.1,0.0,0.0,4,Unknown
PT039_P11_F07_S67,PT039,P11,1835,190270.22999999998,0.0,0.0,0,Unknown
PT039_P11_F09_S69,PT039,P11,238,13885.02,0.0,0.0,7,Unknown
PT039_P11_F10_S70,PT039,P11,1201,24087.44,0.0,0.0,1,Unknown
PT039_P11_F11_S71,PT039,P11,3223,685199.88,0.0,0.0,4,Unknown
PT039_P11_F12_S72,PT039,P11,3905,225538.41999999998,0.0,0.0,4,Unknown
PT039_P11_G01_S73,PT039,P11,258,4306.95,0.0,0.0,1,Unknown
PT039_P11_G03_S75,PT039,P11,2939,1376726.15,0.0,0.0,4,Unknown
PT039_P11_G04_S76,PT039,P11,6498,1624819.79,0.0,0.0,4,Unknown
PT039_P11_G07_S79,PT039,P11,2655,878503.7100000001,0.0,0.0,7,Unknown
PT039_P11_G08_S80,PT039,P11,4795,1952790.35,0.0,0.0,4,Unknown
PT039_P11_G09_S81,PT039,P11,6316,1490781.0599999998,0.0,0.0,4,Unknown
PT039_P11_G10_S82,PT039,P11,2415,220153.39999999997,0.0,0.0,0,Unknown
PT039_P11_G12_S84,PT039,P11,1910,786000.5800000001,0.0,0.0,4,Unknown
PT039_P11_H02_S86,PT039,P11,3038,396176.32999999996,0.0,0.0,4,Unknown
PT039_P11_H03_S87,PT039,P11,4719,1327918.1500000001,0.0,0.0,4,Unknown
PT039_P11_H04_S88,PT039,P11,1226,514639.63000000006,0.0,0.0,7,Unknown
PT039_P11_H06_S90,PT039,P11,3612,1226828.85,0.0,0.0,4,Unknown
PT039_P11_H07_S91,PT039,P11,3111,1511514.78,0.0,0.0,7,Unknown
PT039_P11_H10_S94,PT039,P11,6210,1373321.7599999998,0.0,0.0,4,Unknown
PT039_P11_H11_S95,PT039,P11,318,2336.01,0.0,0.0,0,Unknown
PT039_P1_A01,PT039,P1,4767,2596978.42,0.0,0.0,10,Unknown
PT039_P1_A02,PT039,P1,4892,2139430.2199999997,0.0,0.0,10,Unknown
PT039_P1_A05,PT039,P1,4019,1086695.74,0.0,0.0,3,Unknown
PT039_P1_A06,PT039,P1,3097,773175.35,0.0,0.0,7,Unknown
PT039_P1_A07,PT039,P1,5132,1599252.8,0.0,0.0,7,Unknown
PT039_P1_A09,PT039,P1,4565,2405216.58,0.0,0.0,10,Unknown
PT039_P1_A10,PT039,P1,4452,1678339.9299999997,0.0,0.0,10,Unknown
PT039_P1_A11,PT039,P1,3240,1163151.1400000001,0.0,0.0,7,Unknown
PT039_P1_A12,PT039,P1,5060,2709135.0200000005,0.0,0.0,10,Unknown
PT039_P1_B01,PT039,P1,3989,1935901.42,0.0,0.0,7,Unknown
PT039_P1_B02,PT039,P1,6140,3028973.04,0.0,0.0,4,Unknown
PT039_P1_B03,PT039,P1,4190,1375388.18,0.0,0.0,10,Unknown
PT039_P1_B04,PT039,P1,6399,2245316.77,0.0,0.0,4,Unknown
PT039_P1_B05,PT039,P1,6681,3211480.95,0.0,0.0,4,Unknown
PT039_P1_B07,PT039,P1,4921,2170521.6500000004,0.0,0.0,3,Unknown
PT039_P1_B08,PT039,P1,4646,2112085.4699999997,0.0,0.0,3,Unknown
PT039_P1_B09,PT039,P1,6042,2675526.29,0.0,0.0,4,Unknown
PT039_P1_B10,PT039,P1,4089,1872144.66,0.0,0.0,10,Unknown
PT039_P1_B11,PT039,P1,5993,2187368.04,0.0,0.0,4,Unknown
PT039_P1_C01,PT039,P1,6785,2857218.98,0.0,0.0,4,Unknown
PT039_P1_C05,PT039,P1,3700,1715705.01,0.0,0.0,10,Unknown
PT039_P1_C06,PT039,P1,4423,1594603.78,0.0,0.0,7,Unknown
PT039_P1_C07,PT039,P1,5263,3024748.29,0.0,0.0,10,Unknown
PT039_P1_C08,PT039,P1,6997,2615709.23,0.0,0.0,4,Unknown
PT039_P1_C09,PT039,P1,5455,2145087.49,0.0,0.0,4,Unknown
PT039_P1_C10,PT039,P1,6183,2061410.8599999999,0.0,0.0,4,Unknown
PT039_P1_C11,PT039,P1,4768,931556.73,0.0,0.0,4,Unknown
PT039_P1_C12,PT039,P1,5633,1778834.2000000002,0.0,0.0,4,Unknown
PT039_P1_D01,PT039,P1,5041,2142536.4699999997,0.0,0.0,4,Unknown
PT039_P1_D05,PT039,P1,5773,1832281.19,0.0,0.0,4,Unknown
PT039_P1_D06,PT039,P1,4325,491279.49,0.0,0.0,4,Unknown
PT039_P1_D07,PT039,P1,3677,1224032.75,0.0,0.0,10,Unknown
PT039_P1_D08,PT039,P1,4133,1674365.5100000002,0.0,0.0,10,Unknown
PT039_P1_D09,PT039,P1,3747,1810149.99,0.0,0.0,10,Unknown
PT039_P1_D11,PT039,P1,2176,392713.01,0.0,0.0,13,Unknown
PT039_P1_D12,PT039,P1,6931,2982499.21,0.0,0.0,4,Unknown
PT039_P1_E01,PT039,P1,4478,3073216.37,0.0,0.0,7,Unknown
PT039_P1_E02,PT039,P1,3273,718384.62,0.0,0.0,7,Unknown
PT039_P1_E04,PT039,P1,2762,1797931.12,0.0,0.0,7,Unknown
PT039_P1_E05,PT039,P1,4046,1833659.94,0.0,0.0,7,Unknown
PT039_P1_E06,PT039,P1,3552,411513.49,0.0,0.0,0,Unknown
PT039_P1_E09,PT039,P1,6910,2294554.3200000003,0.0,0.0,4,Unknown
PT039_P1_E11,PT039,P1,5568,1716957.2,0.0,0.0,4,Unknown
PT039_P1_F01,PT039,P1,5267,3402463.13,0.0,0.0,4,Unknown
PT039_P1_F02,PT039,P1,6106,3600376.7199999997,0.0,0.0,4,Unknown
PT039_P1_F03,PT039,P1,6334,3214789.7199999997,0.0,0.0,4,Unknown
PT039_P1_F04,PT039,P1,5733,3092941.52,0.0,0.0,4,Unknown
PT039_P1_F05,PT039,P1,5285,1789745.27,0.0,0.0,4,Unknown
PT039_P1_F06,PT039,P1,5784,2127123.7600000002,0.0,0.0,4,Unknown
PT039_P1_F07,PT039,P1,5271,2076979.8299999998,0.0,0.0,4,Unknown
PT039_P1_F08,PT039,P1,6140,2750322.4099999997,0.0,0.0,4,Unknown
PT039_P1_F09,PT039,P1,6082,2446574.63,0.0,0.0,10,Unknown
PT039_P1_F10,PT039,P1,6826,2203581.94,0.0,0.0,4,Unknown
PT039_P1_F12,PT039,P1,202,234.0,0.0,0.0,0,Unknown
PT058_P1_A01,PT058,P1,3689,865626.13,0.0,0.0,3,Unknown
PT058_P1_A02,PT058,P1,3332,742267.0499999999,0.0,0.0,3,Unknown
PT058_P1_A04,PT058,P1,3341,626907.99,0.0,0.0,3,Unknown
PT058_P1_A05,PT058,P1,841,1627.0700000000002,0.0,0.0,1,Unknown
PT058_P1_A06,PT058,P1,4119,974216.5599999999,0.0,0.0,15,Unknown
PT058_P1_A07,PT058,P1,5498,1886948.74,0.0,0.0,3,Unknown
PT058_P1_A11,PT058,P1,3628,668695.77,0.0,0.0,3,Unknown
PT058_P1_A12,PT058,P1,842,9411.06,0.0,0.0,1,Unknown
PT058_P1_B04,PT058,P1,219,42342.26,0.0,0.0,0,Unknown
PT058_P1_B06,PT058,P1,3122,336945.31999999995,0.0,0.0,3,Unknown
PT058_P1_B08,PT058,P1,4853,1114800.75,0.0,0.0,10,Unknown
PT058_P1_B09,PT058,P1,4320,860852.42,0.0,0.0,3,Unknown
PT058_P1_B10,PT058,P1,3776,451664.86,0.0,0.0,13,Unknown
PT058_P1_C01,PT058,P1,3985,839823.78,0.0,0.0,9,Unknown
PT058_P1_C02,PT058,P1,4357,330267.92000000004,0.0,0.0,0,Unknown
PT058_P1_C04,PT058,P1,3054,373703.85000000003,0.0,0.0,3,Unknown
PT058_P1_C05,PT058,P1,3180,410433.58999999997,0.0,0.0,3,Unknown
PT058_P1_C06,PT058,P1,3352,579398.98,0.0,0.0,3,Unknown
PT058_P1_C07,PT058,P1,1543,482500.4,0.0,0.0,5,Unknown
PT058_P1_C09,PT058,P1,3258,514457.68999999994,0.0,0.0,3,Unknown
PT058_P1_C10,PT058,P1,2674,155198.78,0.0,0.0,3,Unknown
PT058_P1_C11,PT058,P1,3062,426763.87,0.0,0.0,3,Unknown
PT058_P1_D02,PT058,P1,3193,570531.4199999999,0.0,0.0,3,Unknown
PT058_P1_D03,PT058,P1,3522,641967.33,0.0,0.0,3,Unknown
PT058_P1_D04,PT058,P1,4970,1141071.2,0.0,0.0,9,Unknown
PT058_P1_D05,PT058,P1,2923,326777.54000000004,0.0,0.0,3,Unknown
PT058_P1_D07,PT058,P1,1951,539309.67,0.0,0.0,0,Unknown
PT058_P1_D09,PT058,P1,3261,507526.82,0.0,0.0,3,Unknown
PT058_P1_D12,PT058,P1,3062,454767.25,0.0,0.0,3,Unknown
PT058_P1_E02,PT058,P1,2948,384459.1,0.0,0.0,3,Unknown
PT058_P1_E04,PT058,P1,5836,1379594.62,0.0,0.0,10,Unknown
PT058_P1_E05,PT058,P1,3553,540653.14,0.0,0.0,3,Unknown
PT058_P1_E06,PT058,P1,3783,525183.67,0.0,0.0,6,Unknown
PT058_P1_E07,PT058,P1,3617,767442.29,0.0,0.0,3,Unknown
PT058_P1_E09,PT058,P1,3539,471079.5,0.0,0.0,13,Unknown
PT058_P1_E10,PT058,P1,5726,1439158.3699999999,0.0,0.0,6,Unknown
PT058_P1_E11,PT058,P1,4809,1341234.77,0.0,0.0,10,Unknown
PT058_P1_E12,PT058,P1,3902,1060948.3599999999,0.0,0.0,3,Unknown
PT058_P1_F01,PT058,P1,2882,319817.41000000003,0.0,0.0,3,Unknown
PT058_P1_F02,PT058,P1,3138,471288.44,0.0,0.0,15,Unknown
PT058_P1_F04,PT058,P1,3155,330359.12,0.0,0.0,3,Unknown
PT058_P1_F07,PT058,P1,3551,426017.37,0.0,0.0,13,Unknown
PT058_P1_F09,PT058,P1,4120,1199752.12,0.0,0.0,5,Unknown
PT058_P1_F10,PT058,P1,334,297914.38,0.0,0.0,0,Unknown
PT058_P1_F11,PT058,P1,3314,592626.05,0.0,0.0,3,Unknown
PT058_P1_F12,PT058,P1,372,300295.58999999997,0.0,0.0,0,Unknown
PT058_P1_G01,PT058,P1,3369,535534.9800000001,0.0,0.0,15,Unknown
PT058_P1_G02,PT058,P1,3439,877936.2,0.0,0.0,7,Unknown
PT058_P1_G03,PT058,P1,4034,701456.27,0.0,0.0,3,Unknown
PT058_P1_G07,PT058,P1,3669,868283.29,0.0,0.0,3,Unknown
PT058_P1_G08,PT058,P1,6955,1413638.7999999998,0.0,0.0,5,Unknown
PT058_P1_G10,PT058,P1,3633,842256.74,0.0,0.0,7,Unknown
PT058_P1_G12,PT058,P1,236,602.45,0.0,0.0,1,Unknown
PT058_P1_H01,PT058,P1,2626,336008.87,0.0,0.0,3,Unknown
PT058_P1_H02,PT058,P1,3538,726359.0900000001,0.0,0.0,3,Unknown
PT058_P1_H03,PT058,P1,3461,490168.43999999994,0.0,0.0,3,Unknown
PT058_P1_H04,PT058,P1,3426,517173.82999999996,0.0,0.0,3,Unknown
PT058_P1_H05,PT058,P1,3467,486007.87999999995,0.0,0.0,3,Unknown
PT058_P1_H06,PT058,P1,1603,52547.74,0.0,0.0,1,Unknown
PT058_P1_H07,PT058,P1,4300,723882.3200000001,0.0,0.0,11,Unknown
PT058_P1_H11,PT058,P1,3117,348053.91000000003,0.0,0.0,3,Unknown
PT058_P1_H12,PT058,P1,1057,3114.77,0.0,0.0,3,Unknown
PT081_P1_A01,PT081,P1,3927,538364.45,0.0,0.0,2,Unknown
PT081_P1_A02,PT081,P1,3581,434114.68,0.0,0.0,2,Unknown
PT081_P1_A05,PT081,P1,3555,321468.95999999996,0.0,0.0,2,Unknown
PT081_P1_A08,PT081,P1,3550,319094.46,0.0,0.0,2,Unknown
PT081_P1_A09,PT081,P1,2928,375448.95999999996,0.0,0.0,2,Unknown
PT081_P1_A10,PT081,P1,3391,557231.23,0.0,0.0,2,Unknown
PT081_P1_A12,PT081,P1,3305,488936.41000000003,0.0,0.0,2,Unknown
PT081_P1_B01,PT081,P1,3614,343184.82,0.0,0.0,2,Unknown
PT081_P1_B02,PT081,P1,4160,577707.8400000001,0.0,0.0,2,Unknown
PT081_P1_B03,PT081,P1,3614,473399.88,0.0,0.0,2,Unknown
PT081_P1_B04,PT081,P1,4966,507160.5,0.0,0.0,2,Unknown
PT081_P1_B05,PT081,P1,2363,322372.56,0.0,0.0,7,Unknown
PT081_P1_B06,PT081,P1,4220,387832.41000000003,0.0,0.0,2,Unknown
PT081_P1_B07,PT081,P1,1847,249756.54,0.0,0.0,2,Unknown
PT081_P1_B08,PT081,P1,2624,334347.87,0.0,0.0,2,Unknown
PT081_P1_B10,PT081,P1,2692,441882.24,0.0,0.0,2,Unknown
PT081_P1_B11,PT081,P1,2978,508267.17,0.0,0.0,2,Unknown
PT081_P1_B12,PT081,P1,3670,404497.62,0.0,0.0,2,Unknown
PT081_P1_C01,PT081,P1,1159,72254.35,0.0,0.0,0,Unknown
PT081_P1_C02,PT081,P1,3455,445144.85,0.0,0.0,2,Unknown
PT081_P1_C03,PT081,P1,3964,434433.35,0.0,0.0,2,Unknown
PT081_P1_C04,PT081,P1,2436,173723.45,0.0,0.0,0,Unknown
PT081_P1_C05,PT081,P1,243,275.0,0.0,0.0,12,Unknown
PT081_P1_C06,PT081,P1,2669,17904.35,0.0,0.0,2,Unknown
PT081_P1_C08,PT081,P1,2004,286060.63,0.0,0.0,2,Unknown
PT081_P1_C09,PT081,P1,3098,396430.77999999997,0.0,0.0,2,Unknown
PT081_P1_C11,PT081,P1,5715,225181.56999999998,0.0,0.0,2,Unknown
PT081_P1_C12,PT081,P1,2099,245778.76,0.0,0.0,2,Unknown
PT081_P1_D01,PT081,P1,3593,341188.0,0.0,0.0,2,Unknown
PT081_P1_D02,PT081,P1,3810,446521.49000000005,0.0,0.0,2,Unknown
PT081_P1_D03,PT081,P1,323,23193.42,0.0,0.0,0,Unknown
PT081_P1_D04,PT081,P1,4022,528356.25,0.0,0.0,2,Unknown
PT081_P1_D06,PT081,P1,3007,415967.19000000006,0.0,0.0,2,Unknown
PT081_P1_D08,PT081,P1,2333,334747.65,0.0,0.0,2,Unknown
PT081_P1_D09,PT081,P1,2386,452951.82999999996,0.0,0.0,2,Unknown
PT081_P1_D10,PT081,P1,2100,388287.17000000004,0.0,0.0,2,Unknown
PT081_P1_D11,PT081,P1,908,143727.08000000002,0.0,0.0,2,Unknown
PT081_P1_D12,PT081,P1,1940,134271.10000000003,0.0,0.0,2,Unknown
PT081_P1_E01,PT081,P1,3578,238648.34,0.0,0.0,2,Unknown
PT081_P1_E02,PT081,P1,2786,453810.61,0.0,0.0,2,Unknown
PT081_P1_E03,PT081,P1,2382,389982.6,0.0,0.0,2,Unknown
PT081_P1_E04,PT081,P1,1391,275613.01,0.0,0.0,2,Unknown
PT081_P1_E05,PT081,P1,2501,300415.31,0.0,0.0,2,Unknown
PT081_P1_E06,PT081,P1,3015,384693.8,0.0,0.0,2,Unknown
PT081_P1_E07,PT081,P1,2640,429704.52999999997,0.0,0.0,2,Unknown
PT081_P1_E10,PT081,P1,2677,453501.38,0.0,0.0,2,Unknown
PT081_P1_E11,PT081,P1,1539,276458.84,0.0,0.0,2,Unknown
PT081_P1_E12,PT081,P1,1089,124369.59999999999,0.0,0.0,2,Unknown
PT081_P1_F01,PT081,P1,3695,429369.64,0.0,0.0,2,Unknown
PT081_P1_F02,PT081,P1,2616,549847.6000000001,0.0,0.0,2,Unknown
PT081_P1_F03,PT081,P1,1924,390487.88,0.0,0.0,11,Unknown
PT081_P1_F04,PT081,P1,3353,468522.02,0.0,0.0,2,Unknown
PT081_P1_F05,PT081,P1,2362,254350.09,0.0,0.0,2,Unknown
PT081_P1_F06,PT081,P1,2836,344561.08,0.0,0.0,2,Unknown
PT081_P1_F07,PT081,P1,1935,150831.81,0.0,0.0,2,Unknown
PT081_P1_F08,PT081,P1,2271,403970.02,0.0,0.0,2,Unknown
PT081_P1_F11,PT081,P1,2745,414742.70999999996,0.0,0.0,2,Unknown
PT081_P1_F12,PT081,P1,1114,75656.13,0.0,0.0,2,Unknown
PT081_P1_G01,PT081,P1,1796,370384.49,0.0,0.0,2,Unknown
PT081_P1_G02,PT081,P1,1821,302865.32999999996,0.0,0.0,2,Unknown
PT081_P1_G03,PT081,P1,1998,417887.57,0.0,0.0,2,Unknown
PT081_P1_G04,PT081,P1,3132,510157.04999999993,0.0,0.0,2,Unknown
PT081_P1_G05,PT081,P1,1605,218118.03000000003,0.0,0.0,2,Unknown
PT081_P1_G06,PT081,P1,2388,382170.06000000006,0.0,0.0,2,Unknown
PT081_P1_G07,PT081,P1,1914,233502.53,0.0,0.0,2,Unknown
PT081_P1_G08,PT081,P1,2629,281912.32999999996,0.0,0.0,2,Unknown
PT081_P1_G09,PT081,P1,2711,405865.48,0.0,0.0,2,Unknown
PT081_P1_G10,PT081,P1,1508,359465.48000000004,0.0,0.0,2,Unknown
PT081_P1_G11,PT081,P1,2356,420479.04,0.0,0.0,2,Unknown
PT081_P1_H01,PT081,P1,2385,604966.5700000001,0.0,0.0,2,Unknown
PT081_P1_H02,PT081,P1,2186,484420.70999999996,0.0,0.0,2,Unknown
PT081_P1_H03,PT081,P1,992,119415.64000000001,0.0,0.0,0,Unknown
PT081_P1_H04,PT081,P1,2758,308619.35000000003,0.0,0.0,2,Unknown
PT081_P1_H06,PT081,P1,2201,636963.22,0.0,0.0,2,Unknown
PT081_P1_H07,PT081,P1,281,34124.08,0.0,0.0,0,Unknown
PT081_P1_H08,PT081,P1,1355,254968.75999999998,0.0,0.0,7,Unknown
PT081_P1_H09,PT081,P1,1685,316394.97,0.0,0.0,2,Unknown
PT081_P1_H10,PT081,P1,1317,272671.12,0.0,0.0,2,Unknown
PT081_P1_H11,PT081,P1,932,139289.7,0.0,0.0,0,Unknown
PT081_P1_H12,PT081,P1,633,20288.58,0.0,0.0,2,Unknown
PT081_P3_A01_S193,PT081,P3,881,210257.38,0.0,0.0,0,Unknown
PT081_P3_A02_S194,PT081,P3,567,143821.8,0.0,0.0,0,Unknown
PT081_P3_A03_S195,PT081,P3,3044,4892284.28,0.0,0.0,0,Unknown
PT081_P3_A04_S196,PT081,P3,1084,494584.69,0.0,0.0,0,Unknown
PT081_P3_A05_S197,PT081,P3,539,160277.09999999998,0.0,0.0,0,Unknown
PT081_P3_A06_S198,PT081,P3,432,57775.95,0.0,0.0,0,Unknown
PT081_P3_A08_S200,PT081,P3,870,486461.6,0.0,0.0,0,Unknown
PT081_P3_A10_S202,PT081,P3,1497,1363855.29,0.0,0.0,0,Unknown
PT081_P3_A11_S203,PT081,P3,1624,1623248.7200000002,0.0,0.0,0,Unknown
PT081_P3_A12_S204,PT081,P3,1390,1191383.47,0.0,0.0,0,Unknown
PT081_P3_B01_S205,PT081,P3,1368,2082593.6199999999,0.0,0.0,0,Unknown
PT081_P3_B02_S206,PT081,P3,3359,4600784.71,0.0,0.0,2,Unknown
PT081_P3_B03_S207,PT081,P3,1016,370393.29000000004,0.0,0.0,0,Unknown
PT081_P3_B04_S208,PT081,P3,3932,5620954.5,0.0,0.0,2,Unknown
PT081_P3_B05_S209,PT081,P3,1788,915224.56,0.0,0.0,2,Unknown
PT081_P3_B07_S211,PT081,P3,3082,3463252.7299999995,0.0,0.0,2,Unknown
PT081_P3_B09_S213,PT081,P3,947,315396.23,0.0,0.0,0,Unknown
PT081_P3_B11_S215,PT081,P3,1257,247237.5,0.0,0.0,0,Unknown
PT081_P3_B12_S216,PT081,P3,2032,2237457.26,0.0,0.0,0,Unknown
PT081_P3_C02_S218,PT081,P3,2525,3014640.52,0.0,0.0,2,Unknown
PT081_P3_C03_S219,PT081,P3,4942,7704787.29,0.0,0.0,2,Unknown
PT081_P3_C04_S220,PT081,P3,3325,2506864.1399999997,0.0,0.0,0,Unknown
PT081_P3_C05_S221,PT081,P3,4681,6108459.08,0.0,0.0,2,Unknown
PT081_P3_C06_S222,PT081,P3,2804,2275978.3200000003,0.0,0.0,0,Unknown
PT081_P3_C07_S223,PT081,P3,288,48419.82000000001,0.0,0.0,0,Unknown
PT081_P3_C09_S225,PT081,P3,827,307090.17000000004,0.0,0.0,0,Unknown
PT081_P3_C10_S226,PT081,P3,1309,635964.1399999999,0.0,0.0,0,Unknown
PT081_P3_C11_S227,PT081,P3,811,189102.08000000002,0.0,0.0,0,Unknown
PT081_P3_C12_S228,PT081,P3,545,238063.87,0.0,0.0,0,Unknown
PT081_P3_D02_S230,PT081,P3,1467,331661.1,0.0,0.0,0,Unknown
PT081_P3_D03_S231,PT081,P3,2305,1162981.52,0.0,0.0,0,Unknown
PT081_P3_D04_S232,PT081,P3,1055,363070.28,0.0,0.0,0,Unknown
PT081_P3_D05_S233,PT081,P3,3479,3335819.7,0.0,0.0,2,Unknown
PT081_P3_D06_S234,PT081,P3,754,242908.6,0.0,0.0,0,Unknown
PT081_P3_D10_S238,PT081,P3,1910,1132169.9100000001,0.0,0.0,0,Unknown
PT081_P3_D11_S239,PT081,P3,1565,1309773.3599999999,0.0,0.0,0,Unknown
PT081_P3_E01_S241,PT081,P3,2261,3903721.8099999996,0.0,0.0,0,Unknown
PT081_P3_E02_S242,PT081,P3,1914,991939.85,0.0,0.0,0,Unknown
PT081_P3_E03_S243,PT081,P3,4041,6609405.649999999,0.0,0.0,2,Unknown
PT081_P3_E04_S244,PT081,P3,4106,2541094.67,0.0,0.0,2,Unknown
PT081_P3_E05_S245,PT081,P3,284,4862.05,0.0,0.0,0,Unknown
PT081_P3_E06_S246,PT081,P3,330,385.01000000000005,0.0,0.0,0,Unknown
PT081_P3_E07_S247,PT081,P3,499,38642.66,0.0,0.0,0,Unknown
PT081_P3_E08_S248,PT081,P3,1473,864633.37,0.0,0.0,2,Unknown
PT081_P3_E09_S249,PT081,P3,357,43925.5,0.0,0.0,0,Unknown
PT081_P3_E10_S250,PT081,P3,305,45265.68,0.0,0.0,0,Unknown
PT081_P3_E11_S251,PT081,P3,1321,2871.1099999999997,0.0,0.0,2,Unknown
PT081_P3_F01_S253,PT081,P3,2505,5611359.6899999995,0.0,0.0,0,Unknown
PT081_P3_F03_S255,PT081,P3,1152,670026.19,0.0,0.0,0,Unknown
PT081_P3_F04_S256,PT081,P3,783,323406.22,0.0,0.0,0,Unknown
PT081_P3_F05_S257,PT081,P3,1717,813766.5900000001,0.0,0.0,0,Unknown
PT081_P3_F06_S258,PT081,P3,2924,3312813.46,0.0,0.0,2,Unknown
PT081_P3_F08_S260,PT081,P3,726,263245.72,0.0,0.0,0,Unknown
PT081_P3_F09_S261,PT081,P3,458,71773.39000000001,0.0,0.0,0,Unknown
PT081_P3_F10_S262,PT081,P3,305,18383.54,0.0,0.0,0,Unknown
PT081_P3_F11_S263,PT081,P3,946,1183089.3099999998,0.0,0.0,0,Unknown
PT081_P3_F12_S264,PT081,P3,289,43672.96,0.0,0.0,0,Unknown
PT081_P3_G01_S265,PT081,P3,1319,1121567.8800000001,0.0,0.0,0,Unknown
PT081_P3_G02_S266,PT081,P3,293,3098.4399999999996,0.0,0.0,1,Unknown
PT081_P3_G04_S268,PT081,P3,1573,1120227.7799999998,0.0,0.0,0,Unknown
PT081_P3_G06_S270,PT081,P3,657,167891.34,0.0,0.0,0,Unknown
PT081_P3_G11_S275,PT081,P3,1001,839456.47,0.0,0.0,0,Unknown
PT081_P3_H01_S277,PT081,P3,1407,1483599.1400000001,0.0,0.0,0,Unknown
PT081_P3_H02_S278,PT081,P3,252,503.22999999999996,0.0,0.0,1,Unknown
PT081_P3_H03_S279,PT081,P3,1081,94555.41999999998,0.0,0.0,0,Unknown
PT081_P3_H04_S280,PT081,P3,436,141007.15999999997,0.0,0.0,0,Unknown
PT081_P3_H05_S281,PT081,P3,773,121714.81,0.0,0.0,0,Unknown
PT081_P3_H08_S284,PT081,P3,332,11793.82,0.0,0.0,0,Unknown
PT081_P3_H09_S285,PT081,P3,251,21684.480000000003,0.0,0.0,0,Unknown
PT081_P3_H10_S286,PT081,P3,379,58643.09999999999,0.0,0.0,0,Unknown
PT081_P3_H11_S287,PT081,P3,673,170076.56,0.0,0.0,0,Unknown
PT081_P3_H12_S288,PT081,P3,358,20829.620000000003,0.0,0.0,0,Unknown
PT081_P5_A02_S98,PT081,P5,439,35569.0,0.0,0.0,0,Unknown
PT081_P5_A03_S99,PT081,P5,973,220726.22,0.0,0.0,0,Unknown
PT081_P5_A04_S100,PT081,P5,627,144652.57,0.0,0.0,0,Unknown
PT081_P5_A05_S101,PT081,P5,2787,1084466.99,0.0,0.0,2,Unknown
PT081_P5_A06_S102,PT081,P5,3542,2148061.5,0.0,0.0,2,Unknown
PT081_P5_A07_S103,PT081,P5,2212,1085455.2599999998,0.0,0.0,2,Unknown
PT081_P5_A09_S105,PT081,P5,3737,990639.64,0.0,0.0,2,Unknown
PT081_P5_A10_S106,PT081,P5,4065,2509768.5,0.0,0.0,2,Unknown
PT081_P5_A12_S108,PT081,P5,4530,2573837.6100000003,0.0,0.0,2,Unknown
PT081_P5_B03_S111,PT081,P5,1089,283725.94,0.0,0.0,7,Unknown
PT081_P5_B04_S112,PT081,P5,1309,184272.62,0.0,0.0,0,Unknown
PT081_P5_B05_S113,PT081,P5,3391,1886769.46,0.0,0.0,2,Unknown
PT081_P5_B06_S114,PT081,P5,4657,2786738.5999999996,0.0,0.0,2,Unknown
PT081_P5_B07_S115,PT081,P5,3304,1930886.8699999999,0.0,0.0,2,Unknown
PT081_P5_B08_S116,PT081,P5,3606,1972807.82,0.0,0.0,2,Unknown
PT081_P5_B09_S117,PT081,P5,4700,3020883.49,0.0,0.0,2,Unknown
PT081_P5_B10_S118,PT081,P5,3829,2344524.6999999997,0.0,0.0,2,Unknown
PT081_P5_B11_S119,PT081,P5,2460,1395153.5,0.0,0.0,2,Unknown
PT081_P5_B12_S120,PT081,P5,3055,1781951.6500000001,0.0,0.0,2,Unknown
PT081_P5_C01_S121,PT081,P5,4011,2245233.92,0.0,0.0,2,Unknown
PT081_P5_C02_S122,PT081,P5,647,66040.18000000001,0.0,0.0,0,Unknown
PT081_P5_C03_S123,PT081,P5,2569,1270661.29,0.0,0.0,2,Unknown
PT081_P5_C04_S124,PT081,P5,1940,619316.06,0.0,0.0,0,Unknown
PT081_P5_C05_S125,PT081,P5,3071,1424033.85,0.0,0.0,2,Unknown
PT081_P5_C06_S126,PT081,P5,2582,1100695.69,0.0,0.0,2,Unknown
PT081_P5_C07_S127,PT081,P5,2605,627112.09,0.0,0.0,2,Unknown
PT081_P5_C08_S128,PT081,P5,4478,2373349.09,0.0,0.0,2,Unknown
PT081_P5_C09_S129,PT081,P5,5666,3448680.5,0.0,0.0,2,Unknown
PT081_P5_C10_S130,PT081,P5,3223,1995038.27,0.0,0.0,2,Unknown
PT081_P5_C11_S131,PT081,P5,2001,907101.23,0.0,0.0,2,Unknown
PT081_P5_C12_S132,PT081,P5,3003,1542233.7800000003,0.0,0.0,2,Unknown
PT081_P5_D01_S133,PT081,P5,1843,713241.8600000001,0.0,0.0,0,Unknown
PT081_P5_D02_S134,PT081,P5,3042,1090465.09,0.0,0.0,2,Unknown
PT081_P5_D03_S135,PT081,P5,3176,1940851.54,0.0,0.0,2,Unknown
PT081_P5_D05_S137,PT081,P5,497,803.01,0.0,0.0,0,Unknown
PT081_P5_D07_S139,PT081,P5,2685,775859.5,0.0,0.0,2,Unknown
PT081_P5_D08_S140,PT081,P5,3228,1832662.7399999998,0.0,0.0,2,Unknown
PT081_P5_D09_S141,PT081,P5,4388,2991595.34,0.0,0.0,2,Unknown
PT081_P5_D10_S142,PT081,P5,4850,3068345.69,0.0,0.0,2,Unknown
PT081_P5_D11_S143,PT081,P5,1433,593655.46,0.0,0.0,0,Unknown
PT081_P5_D12_S144,PT081,P5,684,96834.61,0.0,0.0,0,Unknown
PT081_P5_E01_S145,PT081,P5,2424,923350.4099999999,0.0,0.0,13,Unknown
PT081_P5_E02_S146,PT081,P5,1285,263491.98,0.0,0.0,2,Unknown
PT081_P5_E03_S147,PT081,P5,1400,446852.0,0.0,0.0,0,Unknown
PT081_P5_E04_S148,PT081,P5,4302,2476506.4499999997,0.0,0.0,2,Unknown
PT081_P5_E05_S149,PT081,P5,3892,2293001.2800000003,0.0,0.0,2,Unknown
PT081_P5_E06_S150,PT081,P5,2017,830413.0700000001,0.0,0.0,0,Unknown
PT081_P5_E08_S152,PT081,P5,3279,1392423.67,0.0,0.0,2,Unknown
PT081_P5_E09_S153,PT081,P5,3025,2013837.1800000002,0.0,0.0,2,Unknown
PT081_P5_E12_S156,PT081,P5,719,254030.65000000002,0.0,0.0,0,Unknown
PT081_P5_F01_S157,PT081,P5,4472,2348452.9899999998,0.0,0.0,2,Unknown
PT081_P5_F02_S158,PT081,P5,591,200557.16999999998,0.0,0.0,0,Unknown
PT081_P5_F03_S159,PT081,P5,1910,741183.17,0.0,0.0,2,Unknown
PT081_P5_F05_S161,PT081,P5,279,381.5,0.0,0.0,0,Unknown
PT081_P5_F06_S162,PT081,P5,2148,1049576.54,0.0,0.0,2,Unknown
PT081_P5_F08_S164,PT081,P5,1942,971321.12,0.0,0.0,2,Unknown
PT081_P5_F09_S165,PT081,P5,3611,2511448.3600000003,0.0,0.0,2,Unknown
PT081_P5_F11_S167,PT081,P5,2730,1537986.34,0.0,0.0,2,Unknown
PT081_P5_F12_S168,PT081,P5,1359,469356.03,0.0,0.0,0,Unknown
PT081_P5_G02_S170,PT081,P5,586,121531.54,0.0,0.0,0,Unknown
PT081_P5_G04_S172,PT081,P5,993,179077.84,0.0,0.0,2,Unknown
PT081_P5_G05_S173,PT081,P5,338,397.0,0.0,0.0,0,Unknown
PT081_P5_G06_S174,PT081,P5,480,93181.99,0.0,0.0,0,Unknown
PT081_P5_G08_S176,PT081,P5,800,193217.22999999998,0.0,0.0,0,Unknown
PT081_P5_G09_S177,PT081,P5,690,132513.22,0.0,0.0,0,Unknown
PT081_P5_G11_S179,PT081,P5,570,149627.61,0.0,0.0,0,Unknown
PT081_P5_H01_S181,PT081,P5,2326,1021660.69,0.0,0.0,2,Unknown
PT081_P5_H02_S182,PT081,P5,1078,270760.70999999996,0.0,0.0,0,Unknown
PT081_P5_H03_S183,PT081,P5,1227,367328.92000000004,0.0,0.0,0,Unknown
PT081_P5_H04_S184,PT081,P5,2508,1413886.02,0.0,0.0,2,Unknown
PT081_P5_H05_S185,PT081,P5,2117,1080368.27,0.0,0.0,2,Unknown
PT081_P5_H06_S186,PT081,P5,2439,1274394.08,0.0,0.0,2,Unknown
PT081_P5_H08_S188,PT081,P5,1438,709502.8600000001,0.0,0.0,2,Unknown
PT081_P5_H09_S189,PT081,P5,1346,525059.6900000001,0.0,0.0,2,Unknown
PT081_P5_H11_S191,PT081,P5,249,34495.75,0.0,0.0,0,Unknown
PT084_P11_A04_S292,PT084,P11,1448,673780.85,0.0,0.0,3,Unknown
PT084_P11_A06_S294,PT084,P11,524,9235.14,0.0,0.0,1,Unknown
PT084_P11_A09_S297,PT084,P11,257,747.25,0.0,0.0,1,Unknown
PT084_P11_A10_S298,PT084,P11,956,3034.46,0.0,0.0,3,Unknown
PT084_P11_A11_S299,PT084,P11,2289,188125.75,0.0,0.0,13,Unknown
PT084_P11_A12_S300,PT084,P11,2507,826293.41,0.0,0.0,3,Unknown
PT084_P11_B01_S301,PT084,P11,2036,720111.53,0.0,0.0,3,Unknown
PT084_P11_B02_S302,PT084,P11,2216,807286.75,0.0,0.0,0,Unknown
PT084_P11_B03_S303,PT084,P11,1869,746073.0,0.0,0.0,3,Unknown
PT084_P11_B04_S304,PT084,P11,2338,758784.02,0.0,0.0,3,Unknown
PT084_P11_B05_S305,PT084,P11,2519,587906.48,0.0,0.0,3,Unknown
PT084_P11_B06_S306,PT084,P11,2686,861293.6100000001,0.0,0.0,3,Unknown
PT084_P11_B07_S307,PT084,P11,2818,821940.71,0.0,0.0,15,Unknown
PT084_P11_B08_S308,PT084,P11,2741,671495.1599999999,0.0,0.0,3,Unknown
PT084_P11_B09_S309,PT084,P11,2934,820336.23,0.0,0.0,3,Unknown
PT084_P11_B10_S310,PT084,P11,2204,672622.2599999999,0.0,0.0,3,Unknown
PT084_P11_B11_S311,PT084,P11,2400,703582.4299999999,0.0,0.0,15,Unknown
PT084_P11_B12_S312,PT084,P11,2227,325980.43000000005,0.0,0.0,13,Unknown
PT084_P11_C01_S313,PT084,P11,1143,14160.550000000001,0.0,0.0,15,Unknown
PT084_P11_C02_S314,PT084,P11,3308,1334465.48,0.0,0.0,10,Unknown
PT084_P11_C03_S315,PT084,P11,2057,389771.3,0.0,0.0,0,Unknown
PT084_P11_C04_S316,PT084,P11,3783,1258221.78,0.0,0.0,10,Unknown
PT084_P11_C05_S317,PT084,P11,2539,601199.94,0.0,0.0,3,Unknown
PT084_P11_C06_S318,PT084,P11,2801,1023778.9099999999,0.0,0.0,3,Unknown
PT084_P11_C07_S319,PT084,P11,2781,733862.09,0.0,0.0,3,Unknown
PT084_P11_C08_S320,PT084,P11,1004,1127607.12,0.0,0.0,0,Unknown
PT084_P11_C09_S321,PT084,P11,3015,772098.25,0.0,0.0,3,Unknown
PT084_P11_C10_S322,PT084,P11,2787,479931.08,0.0,0.0,3,Unknown
PT084_P11_C11_S323,PT084,P11,3069,798638.15,0.0,0.0,3,Unknown
PT084_P11_D01_S325,PT084,P11,2371,671181.96,0.0,0.0,3,Unknown
PT084_P11_D02_S326,PT084,P11,2356,682093.56,0.0,0.0,3,Unknown
PT084_P11_D03_S327,PT084,P11,2389,592588.3799999999,0.0,0.0,3,Unknown
PT084_P11_D04_S328,PT084,P11,2932,513630.36,0.0,0.0,3,Unknown
PT084_P11_D05_S329,PT084,P11,2709,651536.97,0.0,0.0,3,Unknown
PT084_P11_D06_S330,PT084,P11,2730,753431.64,0.0,0.0,15,Unknown
PT084_P11_D07_S331,PT084,P11,2433,773859.6000000001,0.0,0.0,3,Unknown
PT084_P11_D08_S332,PT084,P11,2486,677336.1,0.0,0.0,3,Unknown
PT084_P11_D09_S333,PT084,P11,3807,1025973.8,0.0,0.0,10,Unknown
PT084_P11_D10_S334,PT084,P11,2540,557323.42,0.0,0.0,3,Unknown
PT084_P11_D11_S335,PT084,P11,2051,678490.5700000001,0.0,0.0,3,Unknown
PT084_P11_D12_S336,PT084,P11,2489,757762.2200000001,0.0,0.0,3,Unknown
PT084_P11_E01_S337,PT084,P11,2845,846072.92,0.0,0.0,3,Unknown
PT084_P11_E02_S338,PT084,P11,2791,938446.4600000001,0.0,0.0,3,Unknown
PT084_P11_E03_S339,PT084,P11,2603,682571.42,0.0,0.0,3,Unknown
PT084_P11_E04_S340,PT084,P11,2588,553706.6699999999,0.0,0.0,3,Unknown
PT084_P11_E05_S341,PT084,P11,2813,546973.47,0.0,0.0,15,Unknown
PT084_P11_E06_S342,PT084,P11,2859,611586.93,0.0,0.0,3,Unknown
PT084_P11_E07_S343,PT084,P11,2950,815878.6399999999,0.0,0.0,3,Unknown
PT084_P11_E08_S344,PT084,P11,2886,519795.0,0.0,0.0,3,Unknown
PT084_P11_E09_S345,PT084,P11,2883,631244.35,0.0,0.0,3,Unknown
PT084_P11_E10_S346,PT084,P11,921,765076.17,0.0,0.0,0,Unknown
PT084_P11_E11_S347,PT084,P11,3554,969838.87,0.0,0.0,10,Unknown
PT084_P11_E12_S348,PT084,P11,2381,626728.51,0.0,0.0,3,Unknown
PT084_P11_F01_S349,PT084,P11,2503,736119.06,0.0,0.0,3,Unknown
PT084_P11_F02_S350,PT084,P11,2299,815178.91,0.0,0.0,15,Unknown
PT084_P11_F03_S351,PT084,P11,2058,539955.01,0.0,0.0,3,Unknown
PT084_P11_F04_S352,PT084,P11,2454,759360.79,0.0,0.0,3,Unknown
PT084_P11_F05_S353,PT084,P11,2263,265662.75,0.0,0.0,3,Unknown
PT084_P11_F06_S354,PT084,P11,3103,827404.41,0.0,0.0,15,Unknown
PT084_P11_F07_S355,PT084,P11,2826,604396.56,0.0,0.0,3,Unknown
PT084_P11_F08_S356,PT084,P11,2389,599214.8500000001,0.0,0.0,3,Unknown
PT084_P11_F09_S357,PT084,P11,2748,693570.0,0.0,0.0,15,Unknown
PT084_P11_F10_S358,PT084,P11,2393,531635.95,0.0,0.0,3,Unknown
PT084_P11_F11_S359,PT084,P11,2350,766747.5800000001,0.0,0.0,3,Unknown
PT084_P11_F12_S360,PT084,P11,3320,1085695.2,0.0,0.0,10,Unknown
PT084_P11_G01_S361,PT084,P11,1842,530712.22,0.0,0.0,3,Unknown
PT084_P11_G02_S362,PT084,P11,494,501182.57999999996,0.0,0.0,0,Unknown
PT084_P11_G03_S363,PT084,P11,2164,546814.3099999999,0.0,0.0,15,Unknown
PT084_P11_G04_S364,PT084,P11,2785,665315.35,0.0,0.0,3,Unknown
PT084_P11_G05_S365,PT084,P11,3455,786340.8499999999,0.0,0.0,10,Unknown
PT084_P11_G06_S366,PT084,P11,2266,549606.5900000001,0.0,0.0,3,Unknown
PT084_P11_G07_S367,PT084,P11,2376,764226.99,0.0,0.0,3,Unknown
PT084_P11_G08_S368,PT084,P11,2252,498508.91,0.0,0.0,0,Unknown
PT084_P11_G09_S369,PT084,P11,1946,449657.88,0.0,0.0,3,Unknown
PT084_P11_G10_S370,PT084,P11,2185,294017.72000000003,0.0,0.0,0,Unknown
PT084_P11_G11_S371,PT084,P11,2156,544519.12,0.0,0.0,3,Unknown
PT084_P11_G12_S372,PT084,P11,2324,525464.3099999999,0.0,0.0,3,Unknown
PT084_P11_H01_S373,PT084,P11,2566,607159.31,0.0,0.0,15,Unknown
PT084_P11_H02_S374,PT084,P11,2005,196426.93,0.0,0.0,13,Unknown
PT084_P11_H03_S375,PT084,P11,3084,1116301.67,0.0,0.0,10,Unknown
PT084_P11_H04_S376,PT084,P11,2360,522341.94999999995,0.0,0.0,3,Unknown
PT084_P11_H05_S377,PT084,P11,2202,90084.87,0.0,0.0,13,Unknown
PT084_P11_H06_S378,PT084,P11,2725,513754.91000000003,0.0,0.0,3,Unknown
PT084_P11_H07_S379,PT084,P11,4943,1443748.9,0.0,0.0,10,Unknown
PT084_P11_H08_S380,PT084,P11,2010,653450.74,0.0,0.0,3,Unknown
PT084_P11_H09_S381,PT084,P11,2538,814864.6200000001,0.0,0.0,3,Unknown
PT084_P11_H10_S382,PT084,P11,2444,675628.73,0.0,0.0,3,Unknown
PT084_P11_H11_S383,PT084,P11,2119,926831.37,0.0,0.0,3,Unknown
PT084_P11_H12_S384,PT084,P11,2358,609825.56,0.0,0.0,3,Unknown
PT084_P1_D10,PT084,P1,3347,1598714.01,0.0,0.0,6,Unknown
PT084_P1_D11,PT084,P1,3294,1597381.71,0.0,0.0,2,Unknown
PT084_P1_D12,PT084,P1,3033,1689876.29,0.0,0.0,2,Unknown
PT084_P1_E01,PT084,P1,3189,1425774.3599999999,0.0,0.0,2,Unknown
PT084_P1_E02,PT084,P1,3997,1939241.31,0.0,0.0,2,Unknown
PT084_P1_E03,PT084,P1,3183,1473512.65,0.0,0.0,7,Unknown
PT084_P1_E04,PT084,P1,2902,910105.1599999999,0.0,0.0,2,Unknown
PT084_P1_E05,PT084,P1,2965,1540745.6099999999,0.0,0.0,7,Unknown
PT084_P8_A01_S193,PT084,P8,2290,215377.23000000004,0.0,0.0,13,Unknown
PT084_P8_A03_S195,PT084,P8,307,1620.71,0.0,0.0,0,Unknown
PT084_P8_A05_S197,PT084,P8,1983,962256.1,0.0,0.0,5,Unknown
PT084_P8_A06_S198,PT084,P8,3683,1022832.3500000001,0.0,0.0,5,Unknown
PT084_P8_A08_S200,PT084,P8,4665,762220.1499999999,0.0,0.0,7,Unknown
PT084_P8_A10_S202,PT084,P8,6382,727447.04,0.0,0.0,5,Unknown
PT084_P8_A11_S203,PT084,P8,3161,649590.38,0.0,0.0,5,Unknown
PT084_P8_B01_S205,PT084,P8,3252,906839.15,0.0,0.0,9,Unknown
PT084_P8_B02_S206,PT084,P8,4348,311917.45999999996,0.0,0.0,5,Unknown
PT084_P8_B03_S207,PT084,P8,3295,686004.85,0.0,0.0,7,Unknown
PT084_P8_B04_S208,PT084,P8,259,162689.04,0.0,0.0,0,Unknown
PT084_P8_B05_S209,PT084,P8,3718,666541.5900000001,0.0,0.0,5,Unknown
PT084_P8_B06_S210,PT084,P8,5533,804030.1499999999,0.0,0.0,5,Unknown
PT084_P8_B07_S211,PT084,P8,2704,177080.21,0.0,0.0,13,Unknown
PT084_P8_B08_S212,PT084,P8,3714,618056.91,0.0,0.0,6,Unknown
PT084_P8_B10_S214,PT084,P8,2149,80591.54000000001,0.0,0.0,1,Unknown
PT084_P8_B11_S215,PT084,P8,5675,345944.4,0.0,0.0,5,Unknown
PT084_P8_B12_S216,PT084,P8,4352,578068.1000000001,0.0,0.0,6,Unknown
PT084_P8_C01_S217,PT084,P8,413,120169.98,0.0,0.0,7,Unknown
PT084_P8_C02_S218,PT084,P8,1163,186721.56,0.0,0.0,5,Unknown
PT084_P8_C03_S219,PT084,P8,6014,929944.97,0.0,0.0,5,Unknown
PT084_P8_C04_S220,PT084,P8,5080,680664.13,0.0,0.0,5,Unknown
PT084_P8_C05_S221,PT084,P8,2105,584756.51,0.0,0.0,5,Unknown
PT084_P8_C06_S222,PT084,P8,3548,254376.46999999997,0.0,0.0,0,Unknown
PT084_P8_C07_S223,PT084,P8,4538,722207.06,0.0,0.0,7,Unknown
PT084_P8_C08_S224,PT084,P8,5885,670502.52,0.0,0.0,5,Unknown
PT084_P8_C09_S225,PT084,P8,1521,33023.59,0.0,0.0,1,Unknown
PT084_P8_C10_S226,PT084,P8,3158,800814.3200000001,0.0,0.0,3,Unknown
PT084_P8_C11_S227,PT084,P8,2998,165366.98,0.0,0.0,13,Unknown
PT084_P8_C12_S228,PT084,P8,3231,1064573.52,0.0,0.0,5,Unknown
PT084_P8_D01_S229,PT084,P8,4917,823439.8,0.0,0.0,5,Unknown
PT084_P8_D02_S230,PT084,P8,2715,164687.46000000002,0.0,0.0,9,Unknown
PT084_P8_D03_S231,PT084,P8,356,12771.01,0.0,0.0,0,Unknown
PT084_P8_D04_S232,PT084,P8,742,218172.09,0.0,0.0,13,Unknown
PT084_P8_D05_S233,PT084,P8,5226,729006.48,0.0,0.0,5,Unknown
PT084_P8_D06_S234,PT084,P8,4909,311265.78,0.0,0.0,5,Unknown
PT084_P8_D07_S235,PT084,P8,2753,854745.8599999999,0.0,0.0,5,Unknown
PT084_P8_D08_S236,PT084,P8,2914,532707.25,0.0,0.0,6,Unknown
PT084_P8_D10_S238,PT084,P8,5667,1133003.93,0.0,0.0,6,Unknown
PT084_P8_D11_S239,PT084,P8,3777,752587.8500000001,0.0,0.0,7,Unknown
PT084_P8_D12_S240,PT084,P8,2434,542830.03,0.0,0.0,7,Unknown
PT084_P8_E01_S241,PT084,P8,4003,990454.3099999999,0.0,0.0,6,Unknown
PT084_P8_E02_S242,PT084,P8,396,550.0,0.0,0.0,0,Unknown
PT084_P8_E03_S243,PT084,P8,4805,485489.66,0.0,0.0,5,Unknown
PT084_P8_E04_S244,PT084,P8,4112,902337.3,0.0,0.0,5,Unknown
PT084_P8_E05_S245,PT084,P8,762,1131.9,0.0,0.0,0,Unknown
PT084_P8_E06_S246,PT084,P8,2602,370245.13,0.0,0.0,7,Unknown
PT084_P8_E07_S247,PT084,P8,3797,745775.3300000001,0.0,0.0,6,Unknown
PT084_P8_E08_S248,PT084,P8,2083,768973.4299999999,0.0,0.0,5,Unknown
PT084_P8_E09_S249,PT084,P8,3401,930639.41,0.0,0.0,5,Unknown
PT084_P8_E10_S250,PT084,P8,2717,500483.67,0.0,0.0,6,Unknown
PT084_P8_E11_S251,PT084,P8,1884,314890.61,0.0,0.0,0,Unknown
PT084_P8_E12_S252,PT084,P8,4799,762125.3600000001,0.0,0.0,5,Unknown
PT084_P8_F01_S253,PT084,P8,3094,751613.82,0.0,0.0,6,Unknown
PT084_P8_F02_S254,PT084,P8,1789,591803.21,0.0,0.0,0,Unknown
PT084_P8_F03_S255,PT084,P8,992,200230.38999999998,0.0,0.0,13,Unknown
PT084_P8_F04_S256,PT084,P8,680,437136.27,0.0,0.0,3,Unknown
PT084_P8_F05_S257,PT084,P8,2867,865292.7,0.0,0.0,9,Unknown
PT084_P8_F06_S258,PT084,P8,2463,524666.3300000001,0.0,0.0,7,Unknown
PT084_P8_F07_S259,PT084,P8,5485,821868.33,0.0,0.0,5,Unknown
PT084_P8_F08_S260,PT084,P8,2855,675454.3700000001,0.0,0.0,6,Unknown
PT084_P8_F09_S261,PT084,P8,3469,840911.14,0.0,0.0,6,Unknown
PT084_P8_F10_S262,PT084,P8,266,438.0,0.0,0.0,0,Unknown
PT084_P8_F11_S263,PT084,P8,549,800.0,0.0,0.0,0,Unknown
PT084_P8_F12_S264,PT084,P8,1633,125514.73999999999,0.0,0.0,13,Unknown
PT084_P8_G01_S265,PT084,P8,2894,1054949.72,0.0,0.0,9,Unknown
PT084_P8_G02_S266,PT084,P8,4898,398278.19000000006,0.0,0.0,5,Unknown
PT084_P8_G03_S267,PT084,P8,3941,946023.5,0.0,0.0,6,Unknown
PT084_P8_G05_S269,PT084,P8,1805,745064.11,0.0,0.0,5,Unknown
PT084_P8_G06_S270,PT084,P8,2321,962319.48,0.0,0.0,5,Unknown
PT084_P8_G07_S271,PT084,P8,2408,371777.33999999997,0.0,0.0,7,Unknown
PT084_P8_G09_S273,PT084,P8,1218,654056.82,0.0,0.0,0,Unknown
PT084_P8_G10_S274,PT084,P8,3454,949320.95,0.0,0.0,6,Unknown
PT084_P8_G11_S275,PT084,P8,4535,659218.31,0.0,0.0,5,Unknown
PT084_P8_G12_S276,PT084,P8,1791,322001.22,0.0,0.0,3,Unknown
PT084_P8_H01_S277,PT084,P8,3673,927167.55,0.0,0.0,5,Unknown
PT084_P8_H02_S278,PT084,P8,3015,438670.26,0.0,0.0,5,Unknown
PT084_P8_H03_S279,PT084,P8,3021,933668.6,0.0,0.0,9,Unknown
PT084_P8_H04_S280,PT084,P8,2598,737420.46,0.0,0.0,7,Unknown
PT084_P8_H05_S281,PT084,P8,384,1640.08,0.0,0.0,0,Unknown
PT084_P8_H06_S282,PT084,P8,5405,823128.1399999999,0.0,0.0,5,Unknown
PT084_P8_H07_S283,PT084,P8,3161,883550.11,0.0,0.0,6,Unknown
PT084_P8_H08_S284,PT084,P8,2810,949390.34,0.0,0.0,9,Unknown
PT084_P8_H09_S285,PT084,P8,302,108656.91,0.0,0.0,0,Unknown
PT084_P8_H10_S286,PT084,P8,629,437655.34,0.0,0.0,0,Unknown
PT084_P8_H11_S287,PT084,P8,3760,477098.0,0.0,0.0,5,Unknown
PT084_P8_H12_S288,PT084,P8,2804,812141.53,0.0,0.0,9,Unknown
PT126_P3_A01_S1,PT126,P3,3045,492359.25,0.0,0.0,0,Unknown
PT126_P3_A02_S2,PT126,P3,538,1575.4099999999999,0.0,0.0,1,Unknown
PT126_P3_A03_S3,PT126,P3,2912,901455.7599999999,0.0,0.0,9,Unknown
PT126_P3_A04_S4,PT126,P3,956,4805.24,0.0,0.0,1,Unknown
PT126_P3_A05_S5,PT126,P3,1253,328348.65,0.0,0.0,8,Unknown
PT126_P3_A06_S6,PT126,P3,4096,1031744.9800000001,0.0,0.0,6,Unknown
PT126_P3_A07_S7,PT126,P3,1481,225648.60000000003,0.0,0.0,8,Unknown
PT126_P3_A08_S8,PT126,P3,962,6356.0599999999995,0.0,0.0,1,Unknown
PT126_P3_A09_S9,PT126,P3,909,22634.11,0.0,0.0,1,Unknown
PT126_P3_A10_S10,PT126,P3,1256,216585.81,0.0,0.0,0,Unknown
PT126_P3_A11_S11,PT126,P3,1303,495878.53,0.0,0.0,8,Unknown
PT126_P3_B01_S13,PT126,P3,955,4000.6600000000008,0.0,0.0,1,Unknown
PT126_P3_B02_S14,PT126,P3,780,3006.59,0.0,0.0,1,Unknown
PT126_P3_B03_S15,PT126,P3,1082,25711.43,0.0,0.0,1,Unknown
PT126_P3_B04_S16,PT126,P3,5543,1136540.83,0.0,0.0,8,Unknown
PT126_P3_B05_S17,PT126,P3,1649,274612.52,0.0,0.0,0,Unknown
PT126_P3_B06_S18,PT126,P3,3329,1329833.88,0.0,0.0,8,Unknown
PT126_P3_B07_S19,PT126,P3,2441,329564.68000000005,0.0,0.0,0,Unknown
PT126_P3_B08_S20,PT126,P3,1085,16561.59,0.0,0.0,1,Unknown
PT126_P3_B09_S21,PT126,P3,1829,147340.56,0.0,0.0,0,Unknown
PT126_P3_B10_S22,PT126,P3,5521,1047178.26,0.0,0.0,8,Unknown
PT126_P3_B11_S23,PT126,P3,4672,948417.79,0.0,0.0,8,Unknown
PT126_P3_B12_S24,PT126,P3,2182,593335.8200000001,0.0,0.0,8,Unknown
PT126_P3_C01_S25,PT126,P3,5233,1421642.47,0.0,0.0,8,Unknown
PT126_P3_C02_S26,PT126,P3,1374,315416.75,0.0,0.0,0,Unknown
PT126_P3_C03_S27,PT126,P3,1074,28465.220000000005,0.0,0.0,1,Unknown
PT126_P3_C04_S28,PT126,P3,2322,568148.45,0.0,0.0,8,Unknown
PT126_P3_C05_S29,PT126,P3,1851,694289.83,0.0,0.0,8,Unknown
PT126_P3_C06_S30,PT126,P3,2747,864544.19,0.0,0.0,6,Unknown
PT126_P3_C07_S31,PT126,P3,5776,1032027.79,0.0,0.0,8,Unknown
PT126_P3_C08_S32,PT126,P3,1418,158371.77,0.0,0.0,0,Unknown
PT126_P3_C09_S33,PT126,P3,1453,273378.56000000006,0.0,0.0,0,Unknown
PT126_P3_C10_S34,PT126,P3,5387,1034862.2,0.0,0.0,8,Unknown
PT126_P3_C11_S35,PT126,P3,2413,412426.5,0.0,0.0,0,Unknown
PT126_P3_C12_S36,PT126,P3,1682,286444.31999999995,0.0,0.0,8,Unknown
PT126_P3_D01_S37,PT126,P3,2092,168806.26,0.0,0.0,0,Unknown
PT126_P3_D02_S38,PT126,P3,2488,540663.91,0.0,0.0,7,Unknown
PT126_P3_D03_S39,PT126,P3,1047,53267.14000000001,0.0,0.0,1,Unknown
PT126_P3_D04_S40,PT126,P3,2568,1588696.12,0.0,0.0,8,Unknown
PT126_P3_D05_S41,PT126,P3,4246,1336757.98,0.0,0.0,11,Unknown
PT126_P3_D06_S42,PT126,P3,2616,513211.72,0.0,0.0,8,Unknown
PT126_P3_D08_S44,PT126,P3,4085,1347290.23,0.0,0.0,11,Unknown
PT126_P3_D09_S45,PT126,P3,924,7124.700000000001,0.0,0.0,1,Unknown
PT126_P3_D10_S46,PT126,P3,2879,248751.11000000002,0.0,0.0,0,Unknown
PT126_P3_D11_S47,PT126,P3,1077,5898.360000000001,0.0,0.0,1,Unknown
PT126_P3_D12_S48,PT126,P3,4502,797418.8799999999,0.0,0.0,8,Unknown
PT126_P3_E01_S49,PT126,P3,2285,186766.21,0.0,0.0,0,Unknown
PT126_P3_E02_S50,PT126,P3,2376,180297.65,0.0,0.0,0,Unknown
PT126_P3_E03_S51,PT126,P3,836,27570.489999999998,0.0,0.0,1,Unknown
PT126_P3_E04_S52,PT126,P3,2056,1225205.52,0.0,0.0,8,Unknown
PT126_P3_E05_S53,PT126,P3,3353,1483983.13,0.0,0.0,9,Unknown
PT126_P3_E06_S54,PT126,P3,2598,1765935.87,0.0,0.0,8,Unknown
PT126_P3_E07_S55,PT126,P3,1171,39525.07,0.0,0.0,1,Unknown
PT126_P3_E08_S56,PT126,P3,965,4106.23,0.0,0.0,1,Unknown
PT126_P3_E09_S57,PT126,P3,3497,440080.74,0.0,0.0,0,Unknown
PT126_P3_E12_S60,PT126,P3,2152,278831.55000000005,0.0,0.0,0,Unknown
PT126_P3_F01_S61,PT126,P3,1751,439479.25,0.0,0.0,8,Unknown
PT126_P3_F02_S62,PT126,P3,2328,496601.33,0.0,0.0,8,Unknown
PT126_P3_F03_S63,PT126,P3,2265,1716277.71,0.0,0.0,8,Unknown
PT126_P3_F04_S64,PT126,P3,2448,1642910.07,0.0,0.0,8,Unknown
PT126_P3_F05_S65,PT126,P3,2335,128340.05,0.0,0.0,0,Unknown
PT126_P3_F06_S66,PT126,P3,3257,757251.59,0.0,0.0,0,Unknown
PT126_P3_F07_S67,PT126,P3,1794,803072.16,0.0,0.0,8,Unknown
PT126_P3_F08_S68,PT126,P3,1792,131247.69,0.0,0.0,0,Unknown
PT126_P3_F09_S69,PT126,P3,1482,53138.340000000004,0.0,0.0,1,Unknown
PT126_P3_F10_S70,PT126,P3,1919,350038.21,0.0,0.0,8,Unknown
PT126_P3_F11_S71,PT126,P3,1778,126304.04,0.0,0.0,9,Unknown
PT126_P3_F12_S72,PT126,P3,2496,400284.86,0.0,0.0,6,Unknown
PT126_P3_G01_S73,PT126,P3,3351,521898.65,0.0,0.0,0,Unknown
PT126_P3_G02_S74,PT126,P3,1340,184003.83999999997,0.0,0.0,0,Unknown
PT126_P3_G03_S75,PT126,P3,3266,547776.51,0.0,0.0,0,Unknown
PT126_P3_G04_S76,PT126,P3,3096,585696.9500000001,0.0,0.0,0,Unknown
PT126_P3_G05_S77,PT126,P3,3877,1916768.1,0.0,0.0,6,Unknown
PT126_P3_G06_S78,PT126,P3,883,4901.299999999999,0.0,0.0,1,Unknown
PT126_P3_G07_S79,PT126,P3,956,3950.1800000000003,0.0,0.0,1,Unknown
PT126_P3_G08_S80,PT126,P3,842,2704.42,0.0,0.0,1,Unknown
PT126_P3_G09_S81,PT126,P3,3428,576923.41,0.0,0.0,6,Unknown
PT126_P3_G10_S82,PT126,P3,1361,298469.32,0.0,0.0,8,Unknown
PT126_P3_G11_S83,PT126,P3,2539,273873.17000000004,0.0,0.0,0,Unknown
PT126_P3_G12_S84,PT126,P3,992,33268.76,0.0,0.0,1,Unknown
PT126_P3_H01_S85,PT126,P3,806,27582.64,0.0,0.0,1,Unknown
PT126_P3_H02_S86,PT126,P3,2361,189922.50999999998,0.0,0.0,0,Unknown
PT126_P3_H03_S87,PT126,P3,1001,41841.07000000001,0.0,0.0,1,Unknown
PT126_P3_H04_S88,PT126,P3,1515,295777.6,0.0,0.0,8,Unknown
PT126_P3_H05_S89,PT126,P3,1296,339256.0,0.0,0.0,0,Unknown
PT126_P3_H06_S90,PT126,P3,1040,40725.170000000006,0.0,0.0,1,Unknown
PT126_P3_H07_S91,PT126,P3,3285,1058196.31,0.0,0.0,8,Unknown
PT126_P3_H08_S92,PT126,P3,2285,192691.25,0.0,0.0,0,Unknown
PT126_P3_H09_S93,PT126,P3,3511,829174.99,0.0,0.0,9,Unknown
PT126_P3_H10_S94,PT126,P3,1131,210926.76,0.0,0.0,0,Unknown
PT126_P3_H11_S95,PT126,P3,1912,677230.96,0.0,0.0,8,Unknown
PT126_P3_H12_S96,PT126,P3,2765,443511.11,0.0,0.0,8,Unknown
PT039_P121_A01_S289,PT039,P121,1717,33409.32,0.0,0.0,7,Unknown
PT039_P121_A02_S290,PT039,P121,2296,322935.2,0.0,0.0,0,Unknown
PT039_P121_A03_S291,PT039,P121,2708,780700.34,0.0,0.0,0,Unknown
PT039_P121_A04_S292,PT039,P121,3836,802360.27,0.0,0.0,4,Unknown
PT039_P121_A05_S293,PT039,P121,5974,1529317.22,0.0,0.0,4,Unknown
PT039_P121_A06_S294,PT039,P121,5904,1625953.35,0.0,0.0,4,Unknown
PT039_P121_A07_S295,PT039,P121,4521,1438196.19,0.0,0.0,4,Unknown
PT039_P121_A08_S296,PT039,P121,5635,1950573.75,0.0,0.0,4,Unknown
PT039_P121_A09_S297,PT039,P121,1183,41093.490000000005,0.0,0.0,0,Unknown
PT039_P121_A10_S298,PT039,P121,3677,2286592.8899999997,0.0,0.0,7,Unknown
PT039_P121_A11_S299,PT039,P121,5448,1906263.6099999999,0.0,0.0,4,Unknown
PT039_P121_B01_S301,PT039,P121,5430,900869.01,0.0,0.0,4,Unknown
PT039_P121_B02_S302,PT039,P121,2937,144983.82,0.0,0.0,8,Unknown
PT039_P121_B03_S303,PT039,P121,5262,1001361.2,0.0,0.0,4,Unknown
PT039_P121_B04_S304,PT039,P121,3503,1250293.02,0.0,0.0,8,Unknown
PT039_P121_B05_S305,PT039,P121,5568,878998.5900000001,0.0,0.0,4,Unknown
PT039_P121_B06_S306,PT039,P121,2387,206528.55,0.0,0.0,0,Unknown
PT039_P121_B07_S307,PT039,P121,5432,1131382.5,0.0,0.0,4,Unknown
PT039_P121_B08_S308,PT039,P121,4927,1815576.69,0.0,0.0,4,Unknown
PT039_P121_B09_S309,PT039,P121,3838,2134143.36,0.0,0.0,4,Unknown
PT039_P121_B10_S310,PT039,P121,3920,1361752.8399999999,0.0,0.0,9,Unknown
PT039_P121_B11_S311,PT039,P121,4014,738549.13,0.0,0.0,4,Unknown
PT039_P121_B12_S312,PT039,P121,4435,385969.31,0.0,0.0,8,Unknown
PT039_P121_C01_S313,PT039,P121,2179,70597.17,0.0,0.0,8,Unknown
PT039_P121_C02_S314,PT039,P121,1195,508455.37,0.0,0.0,0,Unknown
PT039_P121_C03_S315,PT039,P121,1389,57456.36,0.0,0.0,0,Unknown
PT039_P121_C04_S316,PT039,P121,3643,194753.71,0.0,0.0,4,Unknown
PT039_P121_C05_S317,PT039,P121,4732,904092.72,0.0,0.0,4,Unknown
PT039_P121_C06_S318,PT039,P121,1716,187681.87,0.0,0.0,0,Unknown
PT039_P121_C07_S319,PT039,P121,4559,484629.02,0.0,0.0,4,Unknown
PT039_P121_C08_S320,PT039,P121,4858,1047166.43,0.0,0.0,8,Unknown
PT039_P121_C09_S321,PT039,P121,4150,1422005.58,0.0,0.0,8,Unknown
PT039_P121_C10_S322,PT039,P121,3026,553865.28,0.0,0.0,5,Unknown
PT039_P121_C11_S323,PT039,P121,2923,632486.1499999999,0.0,0.0,0,Unknown
PT039_P121_C12_S324,PT039,P121,679,154720.71,0.0,0.0,0,Unknown
PT039_P121_D01_S325,PT039,P121,3683,495489.67999999993,0.0,0.0,8,Unknown
PT039_P121_D02_S326,PT039,P121,5215,1331126.4100000001,0.0,0.0,4,Unknown
PT039_P121_D03_S327,PT039,P121,3505,843380.64,0.0,0.0,8,Unknown
PT039_P121_D04_S328,PT039,P121,4004,978251.76,0.0,0.0,4,Unknown
PT039_P121_D05_S329,PT039,P121,3353,910972.3899999999,0.0,0.0,8,Unknown
PT039_P121_D06_S330,PT039,P121,779,25686.75,0.0,0.0,1,Unknown
PT039_P121_D07_S331,PT039,P121,1061,67152.72,0.0,0.0,0,Unknown
PT039_P121_D08_S332,PT039,P121,3238,2254336.44,0.0,0.0,4,Unknown
PT039_P121_D09_S333,PT039,P121,4231,1636409.11,0.0,0.0,9,Unknown
PT039_P121_D10_S334,PT039,P121,1085,13929.850000000002,0.0,0.0,1,Unknown
PT039_P121_D11_S335,PT039,P121,3778,2751013.9000000004,0.0,0.0,4,Unknown
PT039_P121_D12_S336,PT039,P121,2471,1814592.53,0.0,0.0,8,Unknown
PT039_P121_E01_S337,PT039,P121,2918,1860433.69,0.0,0.0,4,Unknown
PT039_P121_E02_S338,PT039,P121,2677,1419274.57,0.0,0.0,4,Unknown
PT039_P121_E03_S339,PT039,P121,5221,831757.91,0.0,0.0,6,Unknown
PT039_P121_E04_S340,PT039,P121,2938,335012.68,0.0,0.0,4,Unknown
PT084_P121_E06_S342,PT084,P121,2869,887159.9400000001,0.0,0.0,8,Unknown
PT084_P121_E07_S343,PT084,P121,4760,1419347.6400000001,0.0,0.0,8,Unknown
PT084_P121_E08_S344,PT084,P121,4789,711485.27,0.0,0.0,6,Unknown
PT084_P121_E09_S345,PT084,P121,4928,2149095.5,0.0,0.0,6,Unknown
PT084_P121_E10_S346,PT084,P121,736,3052.21,0.0,0.0,1,Unknown
PT084_P121_E11_S347,PT084,P121,700,70048.07999999999,0.0,0.0,0,Unknown
PT084_P121_E12_S348,PT084,P121,2574,606126.3300000001,0.0,0.0,3,Unknown
PT084_P121_F01_S349,PT084,P121,3713,953217.87,0.0,0.0,6,Unknown
PT084_P121_F02_S350,PT084,P121,1638,436648.94999999995,0.0,0.0,8,Unknown
PT084_P121_F03_S351,PT084,P121,4329,664305.8500000001,0.0,0.0,8,Unknown
PT084_P121_F04_S352,PT084,P121,2675,282983.65,0.0,0.0,0,Unknown
PT084_P121_F05_S353,PT084,P121,3766,394002.79000000004,0.0,0.0,13,Unknown
PT084_P121_F06_S354,PT084,P121,2347,559212.5199999999,0.0,0.0,0,Unknown
PT084_P121_F07_S355,PT084,P121,4172,2063956.0099999998,0.0,0.0,5,Unknown
PT084_P121_F08_S356,PT084,P121,5973,1433470.3800000001,0.0,0.0,2,Unknown
PT084_P121_F09_S357,PT084,P121,4381,2159771.5700000003,0.0,0.0,3,Unknown
PT084_P121_F10_S358,PT084,P121,2537,234303.65999999997,0.0,0.0,13,Unknown
PT084_P121_F11_S359,PT084,P121,3288,1282213.44,0.0,0.0,3,Unknown
PT084_P121_F12_S360,PT084,P121,3400,1036075.2000000001,0.0,0.0,8,Unknown
PT084_P121_G01_S361,PT084,P121,4204,1770556.6099999999,0.0,0.0,5,Unknown
PT084_P121_G02_S362,PT084,P121,3020,1155109.05,0.0,0.0,6,Unknown
PT084_P121_G03_S363,PT084,P121,3513,1203938.97,0.0,0.0,3,Unknown
PT084_P121_G04_S364,PT084,P121,2779,1203571.41,0.0,0.0,9,Unknown
PT084_P121_G05_S365,PT084,P121,3857,942379.1,0.0,0.0,8,Unknown
PT084_P121_G06_S366,PT084,P121,5300,1224810.3599999999,0.0,0.0,5,Unknown
PT084_P121_G07_S367,PT084,P121,2959,1289181.69,0.0,0.0,3,Unknown
PT084_P121_G08_S368,PT084,P121,3559,1626747.83,0.0,0.0,8,Unknown
PT084_P121_G09_S369,PT084,P121,4064,2258689.8,0.0,0.0,0,Unknown
PT084_P121_G10_S370,PT084,P121,2983,1511441.65,0.0,0.0,3,Unknown
PT084_P121_G11_S371,PT084,P121,3585,2442965.16,0.0,0.0,3,Unknown
PT084_P121_G12_S372,PT084,P121,3062,2839464.58,0.0,0.0,5,Unknown
PT084_P121_H01_S373,PT084,P121,3061,288964.24,0.0,0.0,11,Unknown
PT084_P121_H02_S374,PT084,P121,3476,3075027.2,0.0,0.0,9,Unknown
PT084_P121_H03_S375,PT084,P121,432,1079.5500000000002,0.0,0.0,1,Unknown
PT084_P121_H04_S376,PT084,P121,416,4553.9,0.0,0.0,1,Unknown
PT084_P121_H05_S377,PT084,P121,2834,518912.54000000004,0.0,0.0,9,Unknown
PT084_P121_H06_S378,PT084,P121,1034,21586.440000000002,0.0,0.0,8,Unknown
PT084_P121_H07_S379,PT084,P121,1682,154165.52000000002,0.0,0.0,0,Unknown
PT084_P121_H08_S380,PT084,P121,1502,329476.66,0.0,0.0,8,Unknown
PT084_P121_H09_S381,PT084,P121,1708,149413.11,0.0,0.0,0,Unknown
PT084_P121_H10_S382,PT084,P121,2338,830171.0700000001,0.0,0.0,8,Unknown
PT084_P121_H11_S383,PT084,P121,1914,272524.14,0.0,0.0,6,Unknown
PT084_P121_H12_S384,PT084,P121,3357,761597.98,0.0,0.0,8,Unknown
PT039_P10_A01_S193,PT039,P10,260,836.48,0.0,0.0,1,Unknown
PT039_P10_A02_S194,PT039,P10,1038,7372.83,0.0,0.0,1,Unknown
PT039_P10_A03_S195,PT039,P10,5938,1050400.2000000002,0.0,0.0,4,Unknown
PT039_P10_A04_S196,PT039,P10,635,5722.329999999999,0.0,0.0,1,Unknown
PT039_P10_A05_S197,PT039,P10,420,5018.32,0.0,0.0,1,Unknown
PT039_P10_A06_S198,PT039,P10,1039,3206.13,0.0,0.0,10,Unknown
PT039_P10_A07_S199,PT039,P10,797,1494880.8099999998,0.0,0.0,0,Unknown
PT039_P10_A08_S200,PT039,P10,560,3527.1000000000004,0.0,0.0,1,Unknown
PT039_P10_A09_S201,PT039,P10,6259,1123031.29,0.0,0.0,4,Unknown
PT039_P10_A10_S202,PT039,P10,4985,1203851.7,0.0,0.0,6,Unknown
PT039_P10_A11_S203,PT039,P10,5585,1229062.0499999998,0.0,0.0,10,Unknown
PT039_P10_A12_S204,PT039,P10,4600,871878.23,0.0,0.0,4,Unknown
PT039_P10_B01_S205,PT039,P10,357,19311.36,0.0,0.0,1,Unknown
PT039_P10_B02_S206,PT039,P10,5850,283006.45999999996,0.0,0.0,4,Unknown
PT039_P10_B03_S207,PT039,P10,2009,71681.42000000001,0.0,0.0,1,Unknown
PT039_P10_B04_S208,PT039,P10,405,1228.38,0.0,0.0,1,Unknown
PT039_P10_B06_S210,PT039,P10,3749,1391043.8199999998,0.0,0.0,10,Unknown
PT039_P10_B07_S211,PT039,P10,5839,1527203.1800000002,0.0,0.0,4,Unknown
PT039_P10_B08_S212,PT039,P10,348,1190.23,0.0,0.0,1,Unknown
PT039_P10_B09_S213,PT039,P10,351,1867.68,0.0,0.0,1,Unknown
PT039_P10_B10_S214,PT039,P10,4350,1476864.0300000003,0.0,0.0,10,Unknown
PT039_P10_B11_S215,PT039,P10,800,3915.0200000000004,0.0,0.0,1,Unknown
PT039_P10_B12_S216,PT039,P10,3596,1246001.8099999998,0.0,0.0,3,Unknown
PT039_P10_C01_S217,PT039,P10,254,1302.6399999999999,0.0,0.0,1,Unknown
PT039_P10_C02_S218,PT039,P10,4725,311849.43,0.0,0.0,6,Unknown
PT039_P10_C03_S219,PT039,P10,5944,956320.95,0.0,0.0,4,Unknown
PT039_P10_C04_S220,PT039,P10,579,1996.66,0.0,0.0,1,Unknown
PT039_P10_C05_S221,PT039,P10,4430,1532568.12,0.0,0.0,4,Unknown
PT039_P10_C06_S222,PT039,P10,482,1850.79,0.0,0.0,1,Unknown
PT039_P10_C07_S223,PT039,P10,800,380154.31,0.0,0.0,0,Unknown
PT039_P10_C08_S224,PT039,P10,3432,1367579.33,0.0,0.0,10,Unknown
PT039_P10_C09_S225,PT039,P10,253,2048.31,0.0,0.0,1,Unknown
PT039_P10_C11_S227,PT039,P10,3888,1179094.31,0.0,0.0,10,Unknown
PT039_P10_C12_S228,PT039,P10,6344,1337608.23,0.0,0.0,4,Unknown
PT039_P10_D01_S229,PT039,P10,403,1234.96,0.0,0.0,1,Unknown
PT039_P10_D02_S230,PT039,P10,229,3826.27,0.0,0.0,0,Unknown
PT039_P10_D03_S231,PT039,P10,5821,980156.1,0.0,0.0,4,Unknown
PT039_P10_D05_S233,PT039,P10,3782,1366420.06,0.0,0.0,10,Unknown
PT039_P10_D06_S234,PT039,P10,3072,698734.99,0.0,0.0,7,Unknown
PT039_P10_D08_S236,PT039,P10,4587,1442381.6,0.0,0.0,10,Unknown
PT039_P10_D09_S237,PT039,P10,4748,893420.1799999999,0.0,0.0,4,Unknown
PT039_P10_D10_S238,PT039,P10,6899,1356520.1,0.0,0.0,4,Unknown
PT039_P10_D11_S239,PT039,P10,1542,67624.41,0.0,0.0,1,Unknown
PT039_P10_D12_S240,PT039,P10,406,2514.85,0.0,0.0,1,Unknown
PT039_P10_E01_S241,PT039,P10,1122,522003.2,0.0,0.0,0,Unknown
PT039_P10_E02_S242,PT039,P10,4004,349795.73,0.0,0.0,10,Unknown
PT039_P10_E03_S243,PT039,P10,2259,573332.29,0.0,0.0,10,Unknown
PT039_P10_E04_S244,PT039,P10,4117,1243163.42,0.0,0.0,7,Unknown
PT039_P10_E06_S246,PT039,P10,1740,1244120.7,0.0,0.0,10,Unknown
PT039_P10_E07_S247,PT039,P10,737,38009.58,0.0,0.0,1,Unknown
PT039_P10_E08_S248,PT039,P10,673,7362.139999999999,0.0,0.0,1,Unknown
PT039_P10_E09_S249,PT039,P10,1351,4709.37,0.0,0.0,1,Unknown
PT039_P10_E10_S250,PT039,P10,794,5953.0,0.0,0.0,1,Unknown
PT039_P10_E11_S251,PT039,P10,705,4462.01,0.0,0.0,1,Unknown
PT039_P10_E12_S252,PT039,P10,1199,11713.92,0.0,0.0,1,Unknown
PT039_P10_F01_S253,PT039,P10,2855,774676.24,0.0,0.0,3,Unknown
PT039_P10_F02_S254,PT039,P10,1384,244112.59,0.0,0.0,3,Unknown
PT039_P10_F03_S255,PT039,P10,460,3201.5499999999997,0.0,0.0,1,Unknown
PT039_P10_F04_S256,PT039,P10,2449,1362546.02,0.0,0.0,10,Unknown
PT039_P10_F05_S257,PT039,P10,1558,1035807.5599999999,0.0,0.0,7,Unknown
PT039_P10_F06_S258,PT039,P10,913,289883.6,0.0,0.0,7,Unknown
PT039_P10_F07_S259,PT039,P10,358,1587.89,0.0,0.0,1,Unknown
PT039_P10_F08_S260,PT039,P10,3824,1400165.4,0.0,0.0,10,Unknown
PT039_P10_F09_S261,PT039,P10,542,6323.93,0.0,0.0,1,Unknown
PT039_P10_F10_S262,PT039,P10,520,6245.170000000001,0.0,0.0,1,Unknown
PT039_P10_F11_S263,PT039,P10,3179,1140686.56,0.0,0.0,10,Unknown
PT039_P10_F12_S264,PT039,P10,4932,1816377.8,0.0,0.0,10,Unknown
PT039_P10_G01_S265,PT039,P10,3772,1472610.62,0.0,0.0,7,Unknown
PT039_P10_G02_S266,PT039,P10,511,54349.68,0.0,0.0,0,Unknown
PT039_P10_G03_S267,PT039,P10,6431,1396909.52,0.0,0.0,4,Unknown
PT039_P10_G04_S268,PT039,P10,3363,871734.54,0.0,0.0,10,Unknown
PT039_P10_G05_S269,PT039,P10,2591,1644456.53,0.0,0.0,4,Unknown
PT039_P10_G06_S270,PT039,P10,2919,1261710.62,0.0,0.0,4,Unknown
PT039_P10_G07_S271,PT039,P10,3594,996001.78,0.0,0.0,4,Unknown
PT039_P10_G08_S272,PT039,P10,2907,973999.88,0.0,0.0,7,Unknown
PT039_P10_G09_S273,PT039,P10,5090,1593231.5499999998,0.0,0.0,7,Unknown
PT039_P10_G10_S274,PT039,P10,963,136725.55,0.0,0.0,0,Unknown
PT039_P10_G11_S275,PT039,P10,395,1355.65,0.0,0.0,1,Unknown
PT039_P10_G12_S276,PT039,P10,1822,900763.6599999999,0.0,0.0,10,Unknown
PT039_P10_H01_S277,PT039,P10,2270,1420002.39,0.0,0.0,7,Unknown
PT039_P10_H02_S278,PT039,P10,1904,376238.91000000003,0.0,0.0,10,Unknown
PT039_P10_H03_S279,PT039,P10,433,1073.23,0.0,0.0,1,Unknown
PT039_P10_H04_S280,PT039,P10,878,568605.78,0.0,0.0,0,Unknown
PT039_P10_H05_S281,PT039,P10,592,241478.43,0.0,0.0,0,Unknown
PT039_P10_H06_S282,PT039,P10,439,105135.29999999999,0.0,0.0,7,Unknown
PT039_P10_H07_S283,PT039,P10,2909,1528742.31,0.0,0.0,4,Unknown
PT039_P10_H08_S284,PT039,P10,3564,1725245.2399999998,0.0,0.0,10,Unknown
PT039_P10_H09_S285,PT039,P10,6862,1623002.4,0.0,0.0,4,Unknown
PT039_P10_H10_S286,PT039,P10,518,33602.95,0.0,0.0,0,Unknown
PT039_P10_H11_S287,PT039,P10,992,16558.86,0.0,0.0,1,Unknown
